# WHO Child Growth Standards; source=https://www.who.int/tools/child-growth-standards/standards/length-height-for-age
day,minus2sd,median,plus2sd
0,46.098,49.884,53.670
1,46.271,50.060,53.850
2,46.443,50.236,54.029
3,46.617,50.412,54.207
4,46.789,50.588,54.386
5,46.962,50.764,54.565
6,47.135,50.939,54.743
7,47.309,51.115,54.921
8,47.482,51.291,55.100
9,47.655,51.467,55.279
10,47.828,51.643,55.457
11,48.003,51.819,55.635
12,48.176,51.994,55.813
13,48.349,52.170,55.991
14,48.523,52.346,56.169
15,48.671,52.498,56.325
16,48.817,52.649,56.481
17,48.963,52.799,56.635
18,49.107,52.948,56.789
19,49.251,53.097,56.942
20,49.395,53.244,57.094
21,49.537,53.390,57.244
22,49.678,53.536,57.394
23,49.819,53.680,57.542
24,49.957,53.824,57.691
25,50.096,53.966,57.837
26,50.233,54.108,57.983
27,50.370,54.248,58.127
28,50.505,54.388,58.271
29,50.639,54.527,58.415
30,50.773,54.664,58.556
31,50.906,54.801,58.696
32,51.037,54.937,58.836
33,51.168,55.071,58.975
34,51.297,55.205,59.112
35,51.426,55.337,59.249
36,51.554,55.469,59.384
37,51.681,55.599,59.518
38,51.805,55.728,59.652
39,51.930,55.857,59.784
40,52.054,55.984,59.914
41,52.176,56.110,60.045
42,52.298,56.236,60.173
43,52.419,56.360,60.301
44,52.539,56.483,60.428
45,52.657,56.606,60.554
46,52.775,56.727,60.678
47,52.892,56.847,60.803
48,53.007,56.967,60.926
49,53.123,57.085,61.047
50,53.237,57.203,61.168
51,53.350,57.319,61.288
52,53.463,57.435,61.407
53,53.574,57.550,61.525
54,53.685,57.664,61.642
55,53.795,57.777,61.759
56,53.904,57.889,61.874
57,54.012,58.000,61.988
58,54.120,58.111,62.102
59,54.226,58.221,62.216
60,54.332,58.330,62.328
61,54.438,58.438,62.439
62,54.542,58.546,62.551
63,54.646,58.654,62.661
64,54.750,58.760,62.770
65,54.853,58.866,62.880
66,54.956,58.972,62.988
67,55.057,59.077,63.096
68,55.159,59.181,63.203
69,55.259,59.284,63.310
70,55.358,59.387,63.416
71,55.458,59.489,63.520
72,55.557,59.591,63.625
73,55.654,59.692,63.730
74,55.752,59.792,63.833
75,55.849,59.892,63.935
76,55.945,59.991,64.037
77,56.041,60.089,64.138
78,56.135,60.187,64.239
79,56.230,60.284,64.339
80,56.323,60.381,64.438
81,56.416,60.477,64.537
82,56.509,60.572,64.635
83,56.601,60.666,64.732
84,56.692,60.760,64.829
85,56.783,60.854,64.925
86,56.873,60.947,65.020
87,56.961,61.039,65.116
88,57.050,61.130,65.210
89,57.139,61.221,65.303
90,57.227,61.312,65.396
91,57.313,61.401,65.489
92,57.400,61.490,65.581
93,57.486,61.579,65.672
94,57.571,61.667,65.763
95,57.656,61.754,65.852
96,57.740,61.841,65.942
97,57.824,61.927,66.031
98,57.906,62.013,66.120
99,57.990,62.098,66.207
100,58.071,62.183,66.294
101,58.153,62.266,66.380
102,58.234,62.350,66.466
103,58.315,62.433,66.551
104,58.394,62.515,66.636
105,58.473,62.597,66.720
106,58.552,62.678,66.803
107,58.630,62.758,66.887
108,58.707,62.838,66.969
109,58.786,62.918,67.050
110,58.862,62.997,67.132
111,58.938,63.075,67.213
112,59.013,63.153,67.294
113,59.088,63.231,67.374
114,59.163,63.308,67.452
115,59.237,63.384,67.530
116,59.311,63.460,67.609
117,59.384,63.535,67.686
118,59.456,63.610,67.764
119,59.528,63.684,67.840
120,59.600,63.758,67.916
121,59.671,63.831,67.992
122,59.741,63.904,68.067
123,59.812,63.976,68.141
124,59.881,64.048,68.215
125,59.951,64.120,68.289
126,60.019,64.191,68.362
127,60.088,64.261,68.434
128,60.156,64.331,68.506
129,60.224,64.401,68.578
130,60.291,64.470,68.649
131,60.358,64.538,68.719
132,60.423,64.607,68.791
133,60.489,64.674,68.860
134,60.554,64.742,68.929
135,60.620,64.809,68.998
136,60.685,64.876,69.066
137,60.748,64.942,69.136
138,60.812,65.007,69.203
139,60.876,65.073,69.270
140,60.939,65.138,69.337
141,61.001,65.203,69.404
142,61.064,65.267,69.470
143,61.126,65.331,69.536
144,61.187,65.395,69.602
145,61.249,65.458,69.667
146,61.309,65.521,69.732
147,61.370,65.583,69.796
148,61.431,65.646,69.860
149,61.490,65.708,69.925
150,61.551,65.769,69.987
151,61.609,65.830,70.051
152,61.669,65.891,70.114
153,61.727,65.952,70.177
154,61.786,66.012,70.238
155,61.843,66.072,70.301
156,61.902,66.132,70.361
157,61.959,66.191,70.423
158,62.015,66.250,70.485
159,62.073,66.309,70.545
160,62.129,66.367,70.606
161,62.186,66.426,70.665
162,62.242,66.484,70.725
163,62.297,66.541,70.785
164,62.354,66.598,70.843
165,62.408,66.656,70.903
166,62.463,66.712,70.962
167,62.519,66.769,71.020
168,62.573,66.825,71.078
169,62.626,66.882,71.137
170,62.680,66.937,71.195
171,62.734,66.993,71.252
172,62.788,67.048,71.309
173,62.841,67.104,71.366
174,62.894,67.158,71.423
175,62.947,67.213,71.480
176,62.999,67.268,71.537
177,63.052,67.322,71.591
178,63.104,67.376,71.648
179,63.156,67.430,71.704
180,63.208,67.484,71.759
181,63.259,67.537,71.815
182,63.311,67.590,71.870
183,63.362,67.644,71.925
184,63.413,67.696,71.980
185,63.463,67.749,72.035
186,63.514,67.802,72.089
187,63.564,67.854,72.144
188,63.615,67.906,72.198
189,63.665,67.958,72.252
190,63.715,68.010,72.306
191,63.764,68.062,72.359
192,63.814,68.113,72.413
193,63.864,68.165,72.466
194,63.913,68.216,72.519
195,63.962,68.267,72.572
196,64.011,68.318,72.624
197,64.059,68.368,72.678
198,64.107,68.419,72.731
199,64.156,68.470,72.783
200,64.204,68.520,72.835
201,64.253,68.570,72.887
202,64.301,68.620,72.939
203,64.348,68.670,72.992
204,64.396,68.720,73.043
205,64.444,68.769,73.095
206,64.491,68.819,73.146
207,64.537,68.868,73.198
208,64.585,68.917,73.249
209,64.632,68.966,73.300
210,64.680,69.015,73.351
211,64.725,69.064,73.403
212,64.773,69.113,73.453
213,64.820,69.162,73.503
214,64.865,69.210,73.555
215,64.912,69.258,73.605
216,64.958,69.307,73.655
217,65.004,69.355,73.706
218,65.050,69.403,73.756
219,65.095,69.451,73.807
220,65.141,69.499,73.857
221,65.188,69.547,73.906
222,65.232,69.594,73.957
223,65.278,69.642,74.006
224,65.323,69.690,74.056
225,65.369,69.737,74.105
226,65.413,69.784,74.156
227,65.459,69.832,74.204
228,65.503,69.879,74.255
229,65.548,69.926,74.303
230,65.593,69.973,74.353
231,65.638,70.020,74.402
232,65.682,70.066,74.451
233,65.727,70.113,74.499
234,65.771,70.160,74.549
235,65.816,70.206,74.597
236,65.859,70.253,74.647
237,65.904,70.299,74.695
238,65.948,70.346,74.744
239,65.991,70.392,74.793
240,66.036,70.438,74.841
241,66.079,70.484,74.890
242,66.122,70.530,74.939
243,66.167,70.576,74.986
244,66.210,70.622,75.035
245,66.254,70.668,75.082
246,66.297,70.714,75.131
247,66.340,70.760,75.179
248,66.384,70.806,75.227
249,66.427,70.851,75.275
250,66.470,70.897,75.323
251,66.513,70.942,75.372
252,66.557,70.988,75.419
253,66.599,71.033,75.467
254,66.642,71.078,75.515
255,66.684,71.124,75.563
256,66.728,71.169,75.610
257,66.770,71.214,75.658
258,66.812,71.259,75.705
259,66.855,71.304,75.753
260,66.898,71.349,75.800
261,66.940,71.394,75.847
262,66.982,71.438,75.895
263,67.024,71.483,75.942
264,67.066,71.528,75.990
265,67.109,71.572,76.036
266,67.151,71.617,76.083
267,67.193,71.662,76.130
268,67.234,71.706,76.178
269,67.276,71.750,76.225
270,67.318,71.795,76.272
271,67.359,71.839,76.319
272,67.401,71.883,76.366
273,67.443,71.927,76.411
274,67.485,71.971,76.458
275,67.526,72.015,76.505
276,67.567,72.059,76.552
277,67.608,72.103,76.598
278,67.650,72.147,76.645
279,67.691,72.191,76.691
280,67.732,72.235,76.738
281,67.772,72.278,76.784
282,67.813,72.322,76.830
283,67.854,72.366,76.877
284,67.895,72.409,76.923
285,67.936,72.452,76.969
286,67.976,72.496,77.015
287,68.017,72.539,77.061
288,68.057,72.582,77.107
289,68.098,72.625,77.153
290,68.138,72.668,77.199
291,68.179,72.712,77.244
292,68.219,72.754,77.290
293,68.259,72.797,77.336
294,68.299,72.840,77.381
295,68.339,72.883,77.427
296,68.380,72.926,77.472
297,68.420,72.968,77.517
298,68.459,73.011,77.563
299,68.498,73.054,77.609
300,68.538,73.096,77.654
301,68.577,73.138,77.699
302,68.617,73.181,77.744
303,68.657,73.223,77.789
304,68.696,73.265,77.834
305,68.736,73.308,77.879
306,68.776,73.350,77.924
307,68.814,73.392,77.970
308,68.853,73.434,78.014
309,68.892,73.476,78.059
310,68.932,73.518,78.104
311,68.971,73.559,78.148
312,69.010,73.601,78.192
313,69.048,73.643,78.238
314,69.087,73.684,78.282
315,69.126,73.726,78.327
316,69.165,73.768,78.371
317,69.203,73.809,78.415
318,69.241,73.851,78.460
319,69.280,73.892,78.504
320,69.318,73.933,78.548
321,69.357,73.974,78.592
322,69.394,74.016,78.637
323,69.433,74.057,78.681
324,69.471,74.098,78.725
325,69.510,74.139,78.768
326,69.547,74.180,78.813
327,69.585,74.221,78.857
328,69.623,74.262,78.900
329,69.660,74.303,78.945
330,69.698,74.343,78.988
331,69.737,74.384,79.032
332,69.775,74.425,79.075
333,69.811,74.465,79.119
334,69.849,74.506,79.163
335,69.887,74.546,79.206
336,69.924,74.587,79.250
337,69.962,74.627,79.293
338,69.999,74.668,79.336
339,70.036,74.708,79.380
340,70.073,74.748,79.423
341,70.111,74.788,79.466
342,70.147,74.828,79.510
343,70.185,74.869,79.552
344,70.222,74.909,79.595
345,70.258,74.949,79.639
346,70.296,74.989,79.681
347,70.332,75.028,79.725
348,70.369,75.068,79.768
349,70.406,75.108,79.810
350,70.442,75.148,79.854
351,70.479,75.188,79.896
352,70.515,75.227,79.940
353,70.552,75.267,79.982
354,70.589,75.306,80.024
355,70.625,75.346,80.067
356,70.662,75.386,80.109
357,70.697,75.425,80.153
358,70.734,75.464,80.195
359,70.770,75.504,80.238
360,70.807,75.543,80.280
361,70.842,75.582,80.323
362,70.879,75.622,80.365
363,70.915,75.661,80.406
364,70.950,75.700,80.449
365,70.987,75.739,80.491
366,71.022,75.778,80.534
367,71.059,75.817,80.575
368,71.094,75.856,80.618
369,71.130,75.895,80.660
370,71.165,75.934,80.703
371,71.202,75.973,80.744
372,71.237,76.012,80.787
373,71.273,76.050,80.828
374,71.308,76.089,80.871
375,71.344,76.128,80.912
376,71.379,76.166,80.954
377,71.415,76.205,80.995
378,71.449,76.244,81.038
379,71.486,76.282,81.079
380,71.520,76.321,81.121
381,71.555,76.359,81.164
382,71.591,76.398,81.204
383,71.625,76.436,81.247
384,71.661,76.474,81.287
385,71.695,76.512,81.330
386,71.731,76.551,81.370
387,71.765,76.589,81.412
388,71.801,76.627,81.453
389,71.835,76.665,81.495
390,71.869,76.703,81.537
391,71.905,76.741,81.577
392,71.939,76.779,81.619
393,71.974,76.817,81.659
394,72.008,76.855,81.701
395,72.042,76.893,81.743
396,72.078,76.930,81.783
397,72.112,76.968,81.825
398,72.147,77.006,81.865
399,72.181,77.044,81.906
400,72.214,77.081,81.948
401,72.249,77.119,81.988
402,72.283,77.156,82.029
403,72.317,77.194,82.071
404,72.352,77.231,82.111
405,72.385,77.269,82.152
406,72.420,77.306,82.192
407,72.454,77.343,82.233
408,72.487,77.381,82.274
409,72.522,77.418,82.314
410,72.555,77.455,82.355
411,72.589,77.492,82.396
412,72.623,77.530,82.436
413,72.657,77.566,82.476
414,72.690,77.604,82.517
415,72.724,77.641,82.557
416,72.758,77.678,82.598
417,72.791,77.714,82.638
418,72.825,77.751,82.678
419,72.858,77.788,82.719
420,72.891,77.825,82.759
421,72.925,77.862,82.798
422,72.958,77.899,82.839
423,72.991,77.935,82.880
424,73.025,77.972,82.918
425,73.058,78.008,82.959
426,73.091,78.045,82.999
427,73.124,78.082,83.040
428,73.158,78.118,83.079
429,73.190,78.155,83.119
430,73.223,78.191,83.159
431,73.257,78.228,83.198
432,73.289,78.264,83.238
433,73.322,78.300,83.278
434,73.354,78.336,83.319
435,73.388,78.373,83.357
436,73.421,78.409,83.397
437,73.453,78.445,83.437
438,73.485,78.481,83.477
439,73.519,78.517,83.516
440,73.551,78.553,83.556
441,73.583,78.589,83.596
442,73.615,78.625,83.635
443,73.649,78.661,83.674
444,73.681,78.697,83.713
445,73.713,78.733,83.753
446,73.745,78.769,83.793
447,73.779,78.805,83.831
448,73.811,78.841,83.871
449,73.843,78.876,83.910
450,73.874,78.912,83.950
451,73.908,78.948,83.988
452,73.940,78.984,84.027
453,73.971,79.019,84.067
454,74.003,79.055,84.106
455,74.035,79.090,84.146
456,74.068,79.126,84.184
457,74.100,79.161,84.223
458,74.131,79.197,84.262
459,74.163,79.232,84.301
460,74.194,79.268,84.341
461,74.228,79.303,84.378
462,74.259,79.338,84.418
463,74.291,79.374,84.457
464,74.322,79.409,84.496
465,74.353,79.444,84.535
466,74.386,79.479,84.572
467,74.418,79.514,84.611
468,74.449,79.550,84.650
469,74.480,79.585,84.689
470,74.511,79.620,84.728
471,74.543,79.655,84.767
472,74.575,79.690,84.804
473,74.606,79.725,84.843
474,74.638,79.760,84.882
475,74.669,79.795,84.921
476,74.700,79.830,84.959
477,74.731,79.864,84.998
478,74.763,79.899,85.035
479,74.794,79.934,85.074
480,74.825,79.969,85.112
481,74.856,80.004,85.151
482,74.887,80.038,85.190
483,74.918,80.073,85.228
484,74.949,80.108,85.267
485,74.981,80.142,85.303
486,75.012,80.177,85.342
487,75.042,80.211,85.380
488,75.073,80.246,85.419
489,75.104,80.280,85.457
490,75.134,80.315,85.495
491,75.165,80.349,85.533
492,75.197,80.384,85.570
493,75.228,80.418,85.608
494,75.258,80.452,85.646
495,75.289,80.487,85.685
496,75.319,80.521,85.723
497,75.350,80.555,85.761
498,75.380,80.590,85.799
499,75.411,80.624,85.837
500,75.441,80.658,85.875
501,75.473,80.692,85.911
502,75.503,80.726,85.949
503,75.533,80.760,85.987
504,75.564,80.794,86.025
505,75.594,80.828,86.063
506,75.624,80.862,86.100
507,75.654,80.896,86.138
508,75.684,80.930,86.176
509,75.714,80.964,86.214
510,75.744,80.998,86.251
511,75.774,81.032,86.289
512,75.804,81.066,86.327
513,75.836,81.099,86.363
514,75.866,81.133,86.400
515,75.896,81.167,86.438
516,75.926,81.200,86.475
517,75.955,81.234,86.513
518,75.985,81.268,86.550
519,76.015,81.301,86.588
520,76.045,81.335,86.625
521,76.075,81.368,86.662
522,76.104,81.402,86.700
523,76.134,81.435,86.737
524,76.164,81.469,86.774
525,76.193,81.502,86.811
526,76.223,81.536,86.848
527,76.252,81.569,86.886
528,76.282,81.602,86.923
529,76.311,81.636,86.960
530,76.342,81.669,86.995
531,76.372,81.702,87.032
532,76.401,81.735,87.069
533,76.431,81.768,87.106
534,76.460,81.802,87.143
535,76.489,81.835,87.180
536,76.519,81.868,87.217
537,76.548,81.901,87.254
538,76.577,81.934,87.291
539,76.606,81.967,87.328
540,76.636,82.000,87.364
541,76.665,82.033,87.401
542,76.694,82.066,87.438
543,76.723,82.099,87.475
544,76.752,82.132,87.511
545,76.781,82.164,87.548
546,76.810,82.197,87.585
547,76.839,82.230,87.621
548,76.868,82.263,87.658
549,76.897,82.296,87.694
550,76.926,82.328,87.731
551,76.955,82.361,87.767
552,76.984,82.394,87.803
553,77.012,82.426,87.840
554,77.041,82.459,87.876
555,77.070,82.491,87.913
556,77.099,82.524,87.949
557,77.127,82.556,87.985
558,77.156,82.589,88.021
559,77.185,82.621,88.058
560,77.213,82.654,88.094
561,77.242,82.686,88.130
562,77.270,82.718,88.166
563,77.299,82.750,88.202
564,77.327,82.783,88.238
565,77.356,82.815,88.274
566,77.384,82.847,88.310
567,77.413,82.880,88.346
568,77.441,82.912,88.382
569,77.470,82.944,88.418
570,77.498,82.976,88.454
571,77.526,83.008,88.490
572,77.554,83.040,88.526
573,77.583,83.072,88.562
574,77.611,83.104,88.597
575,77.639,83.136,88.633
576,77.666,83.168,88.670
577,77.694,83.200,88.706
578,77.722,83.232,88.742
579,77.750,83.264,88.777
580,77.778,83.296,88.813
581,77.806,83.327,88.849
582,77.834,83.359,88.884
583,77.862,83.391,88.920
584,77.890,83.423,88.955
585,77.918,83.454,88.991
586,77.946,83.486,89.026
587,77.974,83.518,89.061
588,78.002,83.549,89.097
589,78.029,83.581,89.132
590,78.057,83.612,89.168
591,78.085,83.644,89.203
592,78.113,83.675,89.238
593,78.140,83.707,89.273
594,78.168,83.738,89.309
595,78.196,83.770,89.344
596,78.222,83.801,89.381
597,78.249,83.833,89.416
598,78.277,83.864,89.451
599,78.305,83.895,89.486
600,78.332,83.927,89.521
601,78.360,83.958,89.556
602,78.387,83.989,89.591
603,78.415,84.020,89.626
604,78.442,84.052,89.661
605,78.470,84.083,89.696
606,78.497,84.114,89.731
607,78.524,84.145,89.766
608,78.552,84.176,89.801
609,78.579,84.207,89.836
610,78.605,84.238,89.872
611,78.632,84.270,89.907
612,78.659,84.301,89.942
613,78.686,84.332,89.977
614,78.714,84.363,90.012
615,78.741,84.394,90.046
616,78.768,84.424,90.081
617,78.795,84.455,90.116
618,78.822,84.486,90.150
619,78.849,84.517,90.185
620,78.876,84.548,90.219
621,78.902,84.579,90.256
622,78.929,84.610,90.290
623,78.956,84.640,90.325
624,78.983,84.671,90.359
625,79.010,84.702,90.394
626,79.037,84.732,90.428
627,79.064,84.763,90.463
628,79.090,84.794,90.497
629,79.117,84.824,90.531
630,79.144,84.855,90.566
631,79.169,84.886,90.602
632,79.196,84.916,90.636
633,79.223,84.946,90.670
634,79.250,84.977,90.704
635,79.276,85.008,90.739
636,79.303,85.038,90.773
637,79.330,85.068,90.807
638,79.356,85.099,90.841
639,79.383,85.129,90.875
640,79.408,85.159,90.911
641,79.434,85.190,90.945
642,79.461,85.220,90.979
643,79.487,85.250,91.013
644,79.514,85.280,91.047
645,79.540,85.311,91.081
646,79.567,85.341,91.115
647,79.593,85.371,91.149
648,79.620,85.401,91.183
649,79.644,85.431,91.219
650,79.671,85.462,91.252
651,79.697,85.492,91.286
652,79.723,85.522,91.320
653,79.750,85.552,91.354
654,79.776,85.582,91.388
655,79.802,85.612,91.421
656,79.828,85.642,91.455
657,79.853,85.672,91.490
658,79.879,85.702,91.524
659,79.905,85.731,91.558
660,79.931,85.761,91.591
661,79.957,85.791,91.625
662,79.983,85.821,91.659
663,80.010,85.851,91.692
664,80.034,85.881,91.727
665,80.060,85.910,91.761
666,80.086,85.940,91.794
667,80.112,85.970,91.828
668,80.138,86.000,91.861
669,80.164,86.029,91.895
670,80.190,86.059,91.928
671,80.216,86.088,91.961
672,80.240,86.118,91.997
673,80.266,86.148,92.030
674,80.291,86.177,92.063
675,80.317,86.207,92.096
676,80.343,86.236,92.130
677,80.369,86.266,92.163
678,80.395,86.295,92.196
679,80.418,86.325,92.231
680,80.444,86.354,92.264
681,80.470,86.384,92.298
682,80.496,86.413,92.331
683,80.521,86.442,92.364
684,80.547,86.472,92.397
685,80.572,86.501,92.430
686,80.596,86.531,92.465
687,80.622,86.560,92.498
688,80.647,86.589,92.531
689,80.673,86.618,92.564
690,80.698,86.648,92.597
691,80.724,86.677,92.630
692,80.749,86.706,92.663
693,80.773,86.735,92.697
694,80.799,86.764,92.730
695,80.824,86.794,92.763
696,80.849,86.823,92.796
697,80.875,86.852,92.829
698,80.900,86.881,92.862
699,80.925,86.910,92.895
700,80.949,86.939,92.929
701,80.974,86.968,92.962
702,81.000,86.997,92.995
703,81.025,87.026,93.028
704,81.050,87.055,93.060
705,81.075,87.084,93.093
706,81.101,87.113,93.126
707,81.124,87.142,93.160
708,81.149,87.171,93.193
709,81.174,87.200,93.225
710,81.199,87.229,93.258
711,81.225,87.258,93.290
712,81.250,87.286,93.323
713,81.275,87.315,93.356
714,81.298,87.344,93.390
715,81.323,87.373,93.422
716,81.348,87.401,93.455
717,81.373,87.430,93.487
718,81.398,87.459,93.520
719,81.423,87.488,93.552
720,81.448,87.516,93.585
721,81.471,87.545,93.619
722,81.496,87.574,93.651
723,81.521,87.602,93.683
724,81.546,87.631,93.716
725,81.570,87.659,93.748
726,81.595,87.688,93.780
727,81.620,87.716,93.813
728,81.643,87.745,93.847
729,81.668,87.773,93.879
730,81.693,87.802,93.911
731,81.017,87.130,93.243
732,81.042,87.159,93.275
733,81.067,87.187,93.308
734,81.091,87.216,93.340
735,81.114,87.244,93.374
736,81.139,87.272,93.406
737,81.163,87.301,93.438
738,81.188,87.329,93.470
739,81.212,87.357,93.502
740,81.237,87.385,93.534
741,81.261,87.414,93.566
742,81.284,87.442,93.600
743,81.309,87.470,93.631
744,81.333,87.498,93.663
745,81.358,87.526,93.695
746,81.382,87.554,93.727
747,81.406,87.583,93.759
748,81.431,87.611,93.791
749,81.455,87.639,93.823
750,81.478,87.667,93.856
751,81.502,87.695,93.888
752,81.526,87.723,93.920
753,81.550,87.751,93.951
754,81.575,87.779,93.983
755,81.599,87.807,94.015
756,81.623,87.835,94.046
757,81.645,87.862,94.080
758,81.669,87.890,94.111
759,81.693,87.918,94.143
760,81.718,87.946,94.174
761,81.742,87.974,94.206
762,81.766,88.002,94.237
763,81.790,88.029,94.269
764,81.814,88.057,94.300
765,81.836,88.085,94.333
766,81.860,88.112,94.365
767,81.884,88.140,94.396
768,81.908,88.168,94.427
769,81.932,88.195,94.459
770,81.955,88.223,94.490
771,81.979,88.250,94.521
772,82.001,88.278,94.554
773,82.025,88.305,94.586
774,82.049,88.333,94.617
775,82.073,88.360,94.648
776,82.096,88.388,94.679
777,82.120,88.415,94.710
778,82.144,88.442,94.741
779,82.167,88.470,94.772
780,82.189,88.497,94.805
781,82.213,88.524,94.836
782,82.236,88.552,94.867
783,82.260,88.579,94.898
784,82.283,88.606,94.929
785,82.307,88.634,94.960
786,82.330,88.661,94.991
787,82.354,88.688,95.022
788,82.377,88.715,95.053
789,82.399,88.742,95.085
790,82.422,88.769,95.116
791,82.446,88.796,95.147
792,82.469,88.823,95.178
793,82.492,88.850,95.209
794,82.516,88.878,95.239
795,82.539,88.904,95.270
796,82.562,88.931,95.301
797,82.585,88.958,95.331
798,82.607,88.985,95.364
799,82.630,89.012,95.394
800,82.653,89.039,95.425
801,82.676,89.066,95.455
802,82.699,89.093,95.486
803,82.723,89.120,95.516
804,82.746,89.146,95.547
805,82.769,89.173,95.578
806,82.792,89.200,95.608
807,82.815,89.227,95.638
808,82.836,89.253,95.671
809,82.859,89.280,95.701
810,82.882,89.307,95.731
811,82.905,89.333,95.762
812,82.928,89.360,95.792
813,82.951,89.386,95.822
814,82.973,89.413,95.853
815,82.996,89.440,95.883
816,83.019,89.466,95.913
817,83.042,89.492,95.943
818,83.065,89.519,95.973
819,83.086,89.546,96.005
820,83.108,89.572,96.035
821,83.131,89.598,96.066
822,83.154,89.625,96.096
823,83.176,89.651,96.126
824,83.199,89.677,96.156
825,83.222,89.704,96.186
826,83.244,89.730,96.216
827,83.267,89.756,96.246
828,83.289,89.782,96.276
829,83.312,89.809,96.305
830,83.334,89.835,96.335
831,83.355,89.861,96.367
832,83.378,89.887,96.397
833,83.400,89.913,96.427
834,83.422,89.940,96.457
835,83.445,89.966,96.486
836,83.467,89.992,96.516
837,83.490,90.018,96.546
838,83.512,90.044,96.575
839,83.534,90.070,96.605
840,83.557,90.096,96.635
841,83.579,90.122,96.664
842,83.601,90.148,96.694
843,83.623,90.174,96.724
844,83.646,90.199,96.753
845,83.668,90.225,96.783
846,83.688,90.251,96.814
847,83.710,90.277,96.844
848,83.732,90.303,96.873
849,83.754,90.328,96.903
850,83.776,90.354,96.932
851,83.798,90.380,96.961
852,83.820,90.406,96.991
853,83.842,90.431,97.020
854,83.864,90.457,97.049
855,83.886,90.482,97.079
856,83.908,90.508,97.108
857,83.930,90.534,97.137
858,83.952,90.559,97.166
859,83.974,90.585,97.196
860,83.996,90.610,97.225
861,84.018,90.636,97.254
862,84.039,90.661,97.283
863,84.061,90.687,97.312
864,84.083,90.712,97.341
865,84.105,90.738,97.370
866,84.126,90.763,97.399
867,84.148,90.788,97.428
868,84.168,90.814,97.459
869,84.189,90.839,97.488
870,84.211,90.864,97.517
871,84.233,90.889,97.546
872,84.254,90.915,97.575
873,84.276,90.940,97.604
874,84.297,90.965,97.633
875,84.319,90.990,97.661
876,84.340,91.015,97.690
877,84.362,91.040,97.719
878,84.383,91.066,97.748
879,84.404,91.090,97.777
880,84.426,91.116,97.805
881,84.447,91.141,97.834
882,84.469,91.166,97.863
883,84.490,91.191,97.891
884,84.511,91.216,97.920
885,84.532,91.240,97.949
886,84.554,91.265,97.977
887,84.575,91.290,98.006
888,84.596,91.315,98.034
889,84.617,91.340,98.063
890,84.639,91.365,98.091
891,84.660,91.390,98.120
892,84.681,91.414,98.148
893,84.702,91.439,98.176
894,84.723,91.464,98.205
895,84.744,91.489,98.233
896,84.765,91.513,98.261
897,84.786,91.538,98.290
898,84.807,91.563,98.318
899,84.828,91.587,98.346
900,84.849,91.612,98.375
901,84.870,91.636,98.403
902,84.891,91.661,98.431
903,84.912,91.686,98.459
904,84.933,91.710,98.487
905,84.953,91.734,98.516
906,84.974,91.759,98.544
907,84.995,91.783,98.572
908,85.016,91.808,98.600
909,85.037,91.832,98.628
910,85.057,91.857,98.656
911,85.078,91.881,98.684
912,85.099,91.905,98.712
913,85.120,91.930,98.740
914,85.140,91.954,98.768
915,85.161,91.978,98.796
916,85.181,92.002,98.824
917,85.202,92.027,98.852
918,85.223,92.051,98.879
919,85.243,92.075,98.907
920,85.264,92.099,98.935
921,85.286,92.124,98.961
922,85.307,92.148,98.989
923,85.327,92.172,99.016
924,85.347,92.196,99.044
925,85.368,92.220,99.072
926,85.388,92.244,99.100
927,85.409,92.268,99.127
928,85.429,92.292,99.155
929,85.450,92.316,99.182
930,85.470,92.340,99.210
931,85.490,92.364,99.238
932,85.511,92.388,99.265
933,85.531,92.412,99.293
934,85.551,92.436,99.320
935,85.571,92.460,99.348
936,85.592,92.483,99.375
937,85.612,92.507,99.403
938,85.632,92.531,99.430
939,85.652,92.555,99.458
940,85.672,92.579,99.485
941,85.694,92.602,99.510
942,85.714,92.626,99.538
943,85.734,92.650,99.565
944,85.754,92.674,99.593
945,85.774,92.697,99.620
946,85.795,92.721,99.647
947,85.815,92.744,99.674
948,85.835,92.768,99.701
949,85.854,92.792,99.729
950,85.874,92.815,99.756
951,85.894,92.839,99.783
952,85.914,92.862,99.810
953,85.934,92.886,99.837
954,85.954,92.909,99.864
955,85.976,92.933,99.890
956,85.996,92.956,99.917
957,86.016,92.980,99.944
958,86.035,93.003,99.971
959,86.055,93.026,99.998
960,86.075,93.050,100.025
961,86.095,93.073,100.052
962,86.114,93.097,100.079
963,86.134,93.120,100.106
964,86.154,93.143,100.133
965,86.173,93.166,100.160
966,86.195,93.190,100.185
967,86.215,93.213,100.211
968,86.234,93.236,100.238
969,86.254,93.260,100.265
970,86.273,93.283,100.292
971,86.293,93.306,100.319
972,86.313,93.329,100.345
973,86.332,93.352,100.372
974,86.352,93.375,100.399
975,86.371,93.398,100.426
976,86.392,93.422,100.451
977,86.412,93.445,100.477
978,86.431,93.468,100.504
979,86.451,93.491,100.530
980,86.470,93.514,100.557
981,86.490,93.537,100.584
982,86.509,93.560,100.610
983,86.528,93.583,100.637
984,86.550,93.606,100.662
985,86.569,93.628,100.688
986,86.588,93.651,100.715
987,86.608,93.674,100.741
988,86.627,93.697,100.768
989,86.646,93.720,100.794
990,86.665,93.743,100.820
991,86.685,93.766,100.847
992,86.706,93.789,100.872
993,86.725,93.811,100.898
994,86.744,93.834,100.924
995,86.763,93.857,100.951
996,86.782,93.880,100.977
997,86.802,93.902,101.003
998,86.821,93.925,101.030
999,86.842,93.948,101.054
1000,86.861,93.971,101.080
1001,86.880,93.993,101.107
1002,86.899,94.016,101.133
1003,86.918,94.038,101.159
1004,86.937,94.061,101.185
1005,86.956,94.084,101.212
1006,86.977,94.106,101.236
1007,86.996,94.129,101.262
1008,87.015,94.152,101.288
1009,87.034,94.174,101.314
1010,87.053,94.197,101.341
1011,87.072,94.219,101.367
1012,87.093,94.242,101.391
1013,87.111,94.264,101.417
1014,87.130,94.287,101.443
1015,87.149,94.309,101.469
1016,87.168,94.332,101.495
1017,87.187,94.354,101.521
1018,87.208,94.376,101.545
1019,87.227,94.399,101.571
1020,87.245,94.421,101.597
1021,87.264,94.444,101.623
1022,87.283,94.466,101.649
1023,87.304,94.488,101.673
1024,87.322,94.511,101.699
1025,87.341,94.533,101.725
1026,87.360,94.556,101.751
1027,87.379,94.578,101.777
1028,87.397,94.600,101.803
1029,87.418,94.622,101.827
1030,87.437,94.645,101.853
1031,87.455,94.667,101.879
1032,87.474,94.689,101.905
1033,87.493,94.712,101.930
1034,87.513,94.734,101.954
1035,87.532,94.756,101.980
1036,87.550,94.778,102.006
1037,87.569,94.800,102.032
1038,87.588,94.822,102.057
1039,87.608,94.845,102.081
1040,87.627,94.867,102.107
1041,87.645,94.889,102.133
1042,87.664,94.911,102.159
1043,87.682,94.933,102.184
1044,87.703,94.955,102.208
1045,87.721,94.977,102.234
1046,87.740,95.000,102.259
1047,87.758,95.022,102.285
1048,87.778,95.044,102.309
1049,87.797,95.066,102.334
1050,87.815,95.088,102.360
1051,87.834,95.110,102.386
1052,87.852,95.132,102.411
1053,87.873,95.154,102.435
1054,87.891,95.176,102.460
1055,87.909,95.198,102.486
1056,87.928,95.220,102.512
1057,87.948,95.242,102.535
1058,87.966,95.264,102.561
1059,87.985,95.286,102.586
1060,88.003,95.307,102.612
1061,88.021,95.329,102.637
1062,88.042,95.351,102.661
1063,88.060,95.373,102.686
1064,88.078,95.395,102.712
1065,88.096,95.417,102.737
1066,88.117,95.439,102.761
1067,88.135,95.460,102.786
1068,88.153,95.482,102.812
1069,88.171,95.504,102.837
1070,88.191,95.526,102.860
1071,88.210,95.548,102.886
1072,88.228,95.570,102.911
1073,88.246,95.591,102.937
1074,88.266,95.613,102.960
1075,88.284,95.635,102.985
1076,88.302,95.656,103.011
1077,88.321,95.678,103.036
1078,88.341,95.700,103.059
1079,88.359,95.722,103.085
1080,88.377,95.743,103.110
1081,88.395,95.765,103.135
1082,88.415,95.787,103.158
1083,88.433,95.808,103.184
1084,88.451,95.830,103.209
1085,88.471,95.852,103.232
1086,88.489,95.873,103.257
1087,88.507,95.895,103.283
1088,88.525,95.916,103.308
1089,88.545,95.938,103.331
1090,88.563,95.960,103.356
1091,88.581,95.981,103.381
1092,88.599,96.003,103.407
1093,88.619,96.024,103.430
1094,88.637,96.046,103.455
1095,88.655,96.067,103.480
1096,88.675,96.089,103.503
1097,88.693,96.110,103.528
1098,88.711,96.132,103.553
1099,88.728,96.153,103.578
1100,88.748,96.175,103.602
1101,88.766,96.196,103.627
1102,88.784,96.218,103.652
1103,88.804,96.239,103.675
1104,88.822,96.261,103.700
1105,88.839,96.282,103.725
1106,88.857,96.304,103.750
1107,88.877,96.325,103.773
1108,88.895,96.346,103.798
1109,88.913,96.368,103.823
1110,88.932,96.389,103.846
1111,88.950,96.410,103.871
1112,88.968,96.432,103.896
1113,88.988,96.453,103.919
1114,89.005,96.474,103.944
1115,89.023,96.496,103.968
1116,89.041,96.517,103.993
1117,89.061,96.538,104.016
1118,89.078,96.560,104.041
1119,89.096,96.581,104.066
1120,89.116,96.602,104.089
1121,89.133,96.624,104.114
1122,89.151,96.645,104.139
1123,89.171,96.666,104.162
1124,89.188,96.687,104.186
1125,89.206,96.708,104.211
1126,89.226,96.730,104.234
1127,89.243,96.751,104.259
1128,89.261,96.772,104.284
1129,89.280,96.793,104.306
1130,89.298,96.814,104.331
1131,89.315,96.836,104.356
1132,89.335,96.857,104.379
1133,89.353,96.878,104.403
1134,89.370,96.899,104.428
1135,89.390,96.920,104.451
1136,89.407,96.941,104.476
1137,89.425,96.962,104.500
1138,89.444,96.984,104.523
1139,89.462,97.005,104.548
1140,89.479,97.026,104.572
1141,89.498,97.047,104.595
1142,89.516,97.068,104.620
1143,89.533,97.089,104.644
1144,89.553,97.110,104.667
1145,89.570,97.131,104.692
1146,89.588,97.152,104.716
1147,89.607,97.173,104.739
1148,89.625,97.194,104.764
1149,89.642,97.215,104.788
1150,89.661,97.236,104.811
1151,89.679,97.257,104.835
1152,89.696,97.278,104.860
1153,89.716,97.299,104.882
1154,89.733,97.320,104.907
1155,89.750,97.341,104.932
1156,89.770,97.362,104.954
1157,89.787,97.383,104.979
1158,89.804,97.404,105.003
1159,89.823,97.424,105.026
1160,89.841,97.445,105.050
1161,89.860,97.466,105.073
1162,89.877,97.487,105.097
1163,89.895,97.508,105.122
1164,89.914,97.529,105.144
1165,89.931,97.550,105.168
1166,89.948,97.571,105.193
1167,89.968,97.591,105.215
1168,89.985,97.612,105.240
1169,90.002,97.633,105.264
1170,90.021,97.654,105.287
1171,90.038,97.675,105.311
1172,90.058,97.695,105.333
1173,90.075,97.716,105.358
1174,90.092,97.737,105.382
1175,90.111,97.758,105.404
1176,90.128,97.778,105.429
1177,90.145,97.799,105.453
1178,90.165,97.820,105.475
1179,90.182,97.841,105.500
1180,90.201,97.861,105.522
1181,90.218,97.882,105.546
1182,90.235,97.903,105.570
1183,90.254,97.923,105.593
1184,90.271,97.944,105.617
1185,90.290,97.965,105.639
1186,90.307,97.985,105.664
1187,90.324,98.006,105.688
1188,90.343,98.027,105.710
1189,90.360,98.047,105.734
1190,90.379,98.068,105.756
1191,90.396,98.088,105.781
1192,90.413,98.109,105.805
1193,90.432,98.130,105.827
1194,90.449,98.150,105.851
1195,90.466,98.171,105.875
1196,90.485,98.191,105.897
1197,90.502,98.212,105.922
1198,90.521,98.232,105.944
1199,90.538,98.253,105.968
1200,90.555,98.274,105.992
1201,90.574,98.294,106.014
1202,90.591,98.314,106.038
1203,90.610,98.335,106.060
1204,90.627,98.356,106.084
1205,90.646,98.376,106.106
1206,90.662,98.396,106.130
1207,90.679,98.417,106.154
1208,90.698,98.437,106.176
1209,90.715,98.458,106.200
1210,90.734,98.478,106.223
1211,90.751,98.499,106.246
1212,90.768,98.519,106.270
1213,90.786,98.539,106.292
1214,90.803,98.560,106.316
1215,90.822,98.580,106.338
1216,90.839,98.600,106.362
1217,90.855,98.621,106.386
1218,90.874,98.641,106.408
1219,90.891,98.662,106.432
1220,90.910,98.682,106.454
1221,90.926,98.702,106.478
1222,90.945,98.722,106.500
1223,90.962,98.743,106.524
1224,90.979,98.763,106.548
1225,90.997,98.783,106.570
1226,91.014,98.804,106.593
1227,91.033,98.824,106.615
1228,91.049,98.844,106.639
1229,91.068,98.864,106.661
1230,91.085,98.885,106.685
1231,91.101,98.905,106.708
1232,91.120,98.925,106.730
1233,91.137,98.945,106.754
1234,91.155,98.966,106.776
1235,91.172,98.986,106.800
1236,91.190,99.006,106.821
1237,91.207,99.026,106.845
1238,91.223,99.046,106.869
1239,91.242,99.066,106.891
1240,91.259,99.086,106.914
1241,91.277,99.106,106.936
1242,91.294,99.127,106.960
1243,91.312,99.147,106.981
1244,91.329,99.167,107.005
1245,91.347,99.187,107.027
1246,91.364,99.207,107.050
1247,91.380,99.227,107.074
1248,91.399,99.247,107.096
1249,91.415,99.267,107.119
1250,91.434,99.287,107.141
1251,91.450,99.307,107.164
1252,91.468,99.327,107.186
1253,91.485,99.347,107.210
1254,91.503,99.367,107.231
1255,91.520,99.387,107.255
1256,91.538,99.407,107.276
1257,91.555,99.427,107.300
1258,91.571,99.447,107.323
1259,91.589,99.467,107.345
1260,91.606,99.487,107.368
1261,91.624,99.507,107.390
1262,91.640,99.527,107.413
1263,91.659,99.547,107.435
1264,91.675,99.567,107.458
1265,91.693,99.586,107.480
1266,91.710,99.606,107.503
1267,91.728,99.626,107.525
1268,91.744,99.646,107.548
1269,91.760,99.666,107.572
1270,91.779,99.686,107.593
1271,91.795,99.706,107.616
1272,91.813,99.725,107.638
1273,91.829,99.745,107.661
1274,91.848,99.765,107.682
1275,91.864,99.785,107.706
1276,91.882,99.805,107.727
1277,91.898,99.824,107.750
1278,91.916,99.844,107.772
1279,91.933,99.864,107.795
1280,91.951,99.884,107.816
1281,91.967,99.903,107.840
1282,91.985,99.923,107.861
1283,92.001,99.943,107.884
1284,92.019,99.962,107.906
1285,92.036,99.982,107.929
1286,92.052,100.002,107.952
1287,92.070,100.022,107.973
1288,92.086,100.041,107.996
1289,92.104,100.061,108.018
1290,92.120,100.080,108.041
1291,92.138,100.100,108.062
1292,92.154,100.120,108.085
1293,92.172,100.139,108.106
1294,92.188,100.159,108.130
1295,92.206,100.179,108.151
1296,92.223,100.198,108.174
1297,92.240,100.218,108.195
1298,92.256,100.237,108.218
1299,92.275,100.257,108.239
1300,92.290,100.276,108.263
1301,92.309,100.296,108.284
1302,92.324,100.316,108.307
1303,92.342,100.335,108.328
1304,92.358,100.355,108.351
1305,92.376,100.374,108.372
1306,92.392,100.394,108.395
1307,92.410,100.413,108.416
1308,92.426,100.433,108.439
1309,92.444,100.452,108.460
1310,92.460,100.472,108.483
1311,92.478,100.491,108.504
1312,92.494,100.511,108.527
1313,92.512,100.530,108.548
1314,92.528,100.550,108.571
1315,92.544,100.569,108.594
1316,92.561,100.588,108.615
1317,92.577,100.608,108.638
1318,92.595,100.627,108.659
1319,92.611,100.646,108.682
1320,92.629,100.666,108.703
1321,92.645,100.685,108.726
1322,92.662,100.705,108.747
1323,92.678,100.724,108.770
1324,92.696,100.743,108.791
1325,92.712,100.763,108.814
1326,92.730,100.782,108.834
1327,92.745,100.801,108.857
1328,92.763,100.821,108.878
1329,92.779,100.840,108.901
1330,92.797,100.859,108.922
1331,92.812,100.879,108.945
1332,92.830,100.898,108.966
1333,92.846,100.917,108.988
1334,92.864,100.936,109.009
1335,92.879,100.956,109.032
1336,92.897,100.975,109.053
1337,92.913,100.994,109.076
1338,92.930,101.013,109.096
1339,92.946,101.033,109.119
1340,92.964,101.052,109.140
1341,92.979,101.071,109.163
1342,92.997,101.090,109.183
1343,93.013,101.109,109.206
1344,93.030,101.129,109.227
1345,93.048,101.148,109.248
1346,93.063,101.167,109.270
1347,93.081,101.186,109.291
1348,93.097,101.205,109.314
1349,93.114,101.224,109.334
1350,93.130,101.244,109.357
1351,93.147,101.263,109.378
1352,93.163,101.282,109.400
1353,93.181,101.301,109.421
1354,93.196,101.320,109.444
1355,93.214,101.339,109.464
1356,93.229,101.358,109.487
1357,93.247,101.377,109.508
1358,93.262,101.396,109.530
1359,93.280,101.415,109.551
1360,93.295,101.434,109.573
1361,93.313,101.454,109.594
1362,93.328,101.472,109.617
1363,93.346,101.492,109.637
1364,93.361,101.511,109.660
1365,93.379,101.530,109.680
1366,93.394,101.549,109.703
1367,93.412,101.568,109.723
1368,93.427,101.587,109.746
1369,93.445,101.606,109.767
1370,93.460,101.625,109.789
1371,93.477,101.644,109.810
1372,93.493,101.662,109.832
1373,93.510,101.682,109.853
1374,93.526,101.700,109.875
1375,93.543,101.719,109.896
1376,93.559,101.738,109.918
1377,93.576,101.757,109.938
1378,93.593,101.776,109.959
1379,93.609,101.795,109.981
1380,93.626,101.814,110.002
1381,93.641,101.833,110.024
1382,93.659,101.852,110.045
1383,93.674,101.871,110.067
1384,93.692,101.890,110.088
1385,93.707,101.908,110.110
1386,93.724,101.927,110.131
1387,93.740,101.946,110.153
1388,93.757,101.965,110.173
1389,93.772,101.984,110.196
1390,93.790,102.003,110.216
1391,93.805,102.022,110.238
1392,93.822,102.040,110.259
1393,93.837,102.059,110.281
1394,93.855,102.078,110.302
1395,93.870,102.097,110.324
1396,93.887,102.116,110.344
1397,93.903,102.135,110.367
1398,93.920,102.153,110.387
1399,93.937,102.172,110.407
1400,93.952,102.191,110.430
1401,93.970,102.210,110.450
1402,93.985,102.228,110.472
1403,94.002,102.247,110.493
1404,94.017,102.266,110.515
1405,94.035,102.285,110.535
1406,94.050,102.304,110.557
1407,94.067,102.322,110.578
1408,94.082,102.341,110.600
1409,94.099,102.360,110.620
1410,94.115,102.378,110.642
1411,94.132,102.397,110.663
1412,94.147,102.416,110.685
1413,94.164,102.435,110.705
1414,94.181,102.453,110.725
1415,94.196,102.472,110.748
1416,94.214,102.491,110.768
1417,94.229,102.510,110.790
1418,94.246,102.528,110.810
1419,94.261,102.547,110.833
1420,94.278,102.566,110.853
1421,94.293,102.584,110.875
1422,94.311,102.603,110.895
1423,94.326,102.622,110.917
1424,94.343,102.640,110.938
1425,94.358,102.659,110.960
1426,94.375,102.678,110.980
1427,94.390,102.696,111.002
1428,94.407,102.715,111.022
1429,94.424,102.733,111.042
1430,94.439,102.752,111.065
1431,94.456,102.771,111.085
1432,94.472,102.789,111.107
1433,94.489,102.808,111.127
1434,94.504,102.826,111.149
1435,94.521,102.845,111.169
1436,94.536,102.864,111.192
1437,94.553,102.882,111.212
1438,94.568,102.901,111.234
1439,94.585,102.920,111.254
1440,94.600,102.938,111.276
1441,94.617,102.957,111.296
1442,94.634,102.975,111.316
1443,94.649,102.994,111.338
1444,94.666,103.012,111.358
1445,94.681,103.031,111.381
1446,94.698,103.049,111.401
1447,94.713,103.068,111.423
1448,94.730,103.086,111.443
1449,94.745,103.105,111.465
1450,94.762,103.124,111.485
1451,94.777,103.142,111.507
1452,94.794,103.161,111.527
1453,94.811,103.179,111.547
1454,94.826,103.198,111.569
1455,94.843,103.216,111.589
1456,94.858,103.235,111.611
1457,94.875,103.253,111.631
1458,94.890,103.272,111.653
1459,94.907,103.290,111.673
1460,94.922,103.309,111.695
1461,94.939,103.327,111.715
1462,94.954,103.346,111.737
1463,94.971,103.364,111.757
1464,94.988,103.383,111.777
1465,95.003,103.401,111.799
1466,95.020,103.420,111.819
1467,95.035,103.438,111.842
1468,95.052,103.457,111.861
1469,95.067,103.475,111.883
1470,95.084,103.494,111.903
1471,95.099,103.512,111.925
1472,95.116,103.530,111.945
1473,95.130,103.549,111.967
1474,95.147,103.567,111.987
1475,95.164,103.586,112.007
1476,95.179,103.604,112.029
1477,95.196,103.623,112.049
1478,95.211,103.641,112.071
1479,95.228,103.660,112.091
1480,95.243,103.678,112.113
1481,95.260,103.696,112.133
1482,95.275,103.715,112.155
1483,95.291,103.733,112.175
1484,95.308,103.752,112.195
1485,95.323,103.770,112.217
1486,95.340,103.788,112.237
1487,95.355,103.807,112.259
1488,95.372,103.825,112.279
1489,95.387,103.844,112.301
1490,95.404,103.862,112.321
1491,95.418,103.881,112.343
1492,95.435,103.899,112.363
1493,95.452,103.917,112.383
1494,95.467,103.936,112.404
1495,95.484,103.954,112.424
1496,95.499,103.972,112.446
1497,95.516,103.991,112.466
1498,95.530,104.009,112.488
1499,95.547,104.028,112.508
1500,95.562,104.046,112.530
1501,95.579,104.064,112.550
1502,95.594,104.083,112.572
1503,95.611,104.101,112.592
1504,95.628,104.120,112.611
1505,95.642,104.138,112.633
1506,95.659,104.156,112.653
1507,95.674,104.175,112.675
1508,95.691,104.193,112.695
1509,95.706,104.211,112.717
1510,95.722,104.230,112.737
1511,95.737,104.248,112.759
1512,95.754,104.266,112.779
1513,95.771,104.285,112.799
1514,95.786,104.303,112.820
1515,95.802,104.321,112.840
1516,95.817,104.340,112.862
1517,95.834,104.358,112.882
1518,95.849,104.376,112.904
1519,95.866,104.395,112.924
1520,95.880,104.413,112.946
1521,95.897,104.431,112.965
1522,95.914,104.450,112.985
1523,95.929,104.468,113.007
1524,95.946,104.486,113.027
1525,95.960,104.505,113.049
1526,95.977,104.523,113.069
1527,95.992,104.541,113.091
1528,96.009,104.560,113.110
1529,96.025,104.578,113.130
1530,96.040,104.596,113.152
1531,96.057,104.614,113.172
1532,96.072,104.633,113.194
1533,96.088,104.651,113.214
1534,96.103,104.669,113.235
1535,96.120,104.688,113.255
1536,96.135,104.706,113.277
1537,96.151,104.724,113.297
1538,96.168,104.742,113.317
1539,96.183,104.761,113.339
1540,96.200,104.779,113.358
1541,96.214,104.797,113.380
1542,96.231,104.816,113.400
1543,96.246,104.834,113.422
1544,96.263,104.852,113.442
1545,96.277,104.870,113.464
1546,96.294,104.889,113.483
1547,96.311,104.907,113.503
1548,96.326,104.925,113.525
1549,96.342,104.944,113.545
1550,96.357,104.962,113.567
1551,96.374,104.980,113.586
1552,96.389,104.998,113.608
1553,96.405,105.017,113.628
1554,96.422,105.035,113.648
1555,96.437,105.053,113.670
1556,96.454,105.072,113.689
1557,96.468,105.090,113.711
1558,96.485,105.108,113.731
1559,96.500,105.126,113.753
1560,96.516,105.144,113.773
1561,96.531,105.163,113.795
1562,96.548,105.181,113.814
1563,96.565,105.199,113.834
1564,96.579,105.218,113.856
1565,96.596,105.236,113.876
1566,96.611,105.254,113.898
1567,96.627,105.272,113.917
1568,96.642,105.291,113.939
1569,96.659,105.309,113.959
1570,96.676,105.327,113.979
1571,96.690,105.345,114.000
1572,96.707,105.364,114.020
1573,96.722,105.382,114.042
1574,96.738,105.400,114.062
1575,96.753,105.418,114.084
1576,96.770,105.436,114.103
1577,96.784,105.455,114.125
1578,96.801,105.473,114.145
1579,96.818,105.491,114.165
1580,96.832,105.509,114.186
1581,96.849,105.528,114.206
1582,96.864,105.546,114.228
1583,96.880,105.564,114.248
1584,96.895,105.582,114.270
1585,96.912,105.601,114.289
1586,96.928,105.619,114.309
1587,96.943,105.637,114.331
1588,96.960,105.655,114.351
1589,96.974,105.674,114.373
1590,96.991,105.692,114.392
1591,97.006,105.710,114.414
1592,97.022,105.728,114.434
1593,97.039,105.746,114.453
1594,97.054,105.765,114.475
1595,97.071,105.783,114.495
1596,97.085,105.801,114.517
1597,97.102,105.819,114.537
1598,97.116,105.837,114.558
1599,97.133,105.856,114.578
1600,97.150,105.874,114.598
1601,97.164,105.892,114.620
1602,97.181,105.910,114.639
1603,97.196,105.928,114.661
1604,97.212,105.947,114.681
1605,97.227,105.965,114.703
1606,97.244,105.983,114.722
1607,97.260,106.001,114.742
1608,97.275,106.019,114.764
1609,97.292,106.038,114.784
1610,97.306,106.056,114.805
1611,97.323,106.074,114.825
1612,97.337,106.092,114.847
1613,97.354,106.110,114.867
1614,97.369,106.129,114.888
1615,97.385,106.147,114.908
1616,97.402,106.165,114.928
1617,97.417,106.183,114.950
1618,97.433,106.201,114.969
1619,97.448,106.220,114.991
1620,97.465,106.238,115.011
1621,97.479,106.256,115.033
1622,97.496,106.274,115.052
1623,97.512,106.292,115.072
1624,97.527,106.310,115.094
1625,97.544,106.328,115.113
1626,97.558,106.347,115.135
1627,97.575,106.365,115.155
1628,97.592,106.383,115.175
1629,97.606,106.401,115.196
1630,97.623,106.419,115.216
1631,97.637,106.438,115.238
1632,97.654,106.456,115.257
1633,97.669,106.474,115.279
1634,97.685,106.492,115.299
1635,97.702,106.510,115.319
1636,97.716,106.528,115.340
1637,97.733,106.546,115.360
1638,97.748,106.565,115.382
1639,97.764,106.583,115.402
1640,97.779,106.601,115.423
1641,97.795,106.619,115.443
1642,97.812,106.637,115.463
1643,97.827,106.656,115.484
1644,97.843,106.674,115.504
1645,97.858,106.692,115.526
1646,97.874,106.710,115.545
1647,97.889,106.728,115.567
1648,97.905,106.746,115.587
1649,97.922,106.764,115.607
1650,97.937,106.782,115.628
1651,97.953,106.801,115.648
1652,97.968,106.819,115.670
1653,97.984,106.837,115.689
1654,97.999,106.855,115.711
1655,98.016,106.873,115.731
1656,98.032,106.891,115.750
1657,98.047,106.910,115.772
1658,98.063,106.928,115.792
1659,98.078,106.946,115.814
1660,98.094,106.964,115.833
1661,98.109,106.982,115.855
1662,98.126,107.000,115.875
1663,98.142,107.018,115.894
1664,98.157,107.036,115.916
1665,98.173,107.054,115.936
1666,98.188,107.073,115.958
1667,98.204,107.091,115.977
1668,98.221,107.109,115.997
1669,98.235,107.127,116.019
1670,98.252,107.145,116.038
1671,98.267,107.163,116.060
1672,98.283,107.181,116.080
1673,98.298,107.200,116.101
1674,98.314,107.218,116.121
1675,98.331,107.236,116.141
1676,98.345,107.254,116.162
1677,98.362,107.272,116.182
1678,98.376,107.290,116.204
1679,98.393,107.308,116.223
1680,98.410,107.326,116.243
1681,98.424,107.344,116.265
1682,98.441,107.362,116.284
1683,98.455,107.381,116.306
1684,98.472,107.399,116.326
1685,98.486,107.417,116.348
1686,98.503,107.435,116.367
1687,98.519,107.453,116.387
1688,98.534,107.471,116.409
1689,98.550,107.489,116.428
1690,98.565,107.507,116.450
1691,98.582,107.526,116.469
1692,98.596,107.544,116.491
1693,98.613,107.562,116.511
1694,98.629,107.580,116.530
1695,98.644,107.598,116.552
1696,98.660,107.616,116.572
1697,98.675,107.634,116.594
1698,98.691,107.652,116.613
1699,98.708,107.670,116.633
1700,98.722,107.688,116.654
1701,98.739,107.706,116.674
1702,98.753,107.724,116.696
1703,98.770,107.743,116.715
1704,98.784,107.761,116.737
1705,98.801,107.779,116.757
1706,98.817,107.797,116.776
1707,98.832,107.815,116.798
1708,98.848,107.833,116.818
1709,98.863,107.851,116.839
1710,98.879,107.869,116.859
1711,98.896,107.887,116.879
1712,98.910,107.905,116.900
1713,98.927,107.923,116.920
1714,98.941,107.942,116.942
1715,98.958,107.960,116.961
1716,98.975,107.978,116.981
1717,98.989,107.996,117.003
1718,99.005,108.014,117.022
1719,99.020,108.032,117.044
1720,99.036,108.050,117.063
1721,99.051,108.068,117.085
1722,99.067,108.086,117.105
1723,99.084,108.104,117.124
1724,99.098,108.122,117.146
1725,99.115,108.140,117.166
1726,99.129,108.158,117.187
1727,99.146,108.176,117.207
1728,99.162,108.194,117.227
1729,99.177,108.212,117.248
1730,99.193,108.231,117.268
1731,99.208,108.249,117.290
1732,99.224,108.267,117.309
1733,99.241,108.285,117.329
1734,99.255,108.303,117.350
1735,99.272,108.321,117.370
1736,99.286,108.339,117.392
1737,99.303,108.357,117.411
1738,99.317,108.375,117.433
1739,99.334,108.393,117.453
1740,99.350,108.411,117.472
1741,99.365,108.429,117.494
1742,99.381,108.447,117.513
1743,99.395,108.465,117.535
1744,99.412,108.483,117.555
1745,99.429,108.501,117.574
1746,99.443,108.519,117.596
1747,99.459,108.538,117.616
1748,99.474,108.556,117.637
1749,99.490,108.574,117.657
1750,99.507,108.592,117.676
1751,99.521,108.610,117.698
1752,99.538,108.628,117.718
1753,99.552,108.646,117.739
1754,99.569,108.664,117.759
1755,99.585,108.682,117.778
1756,99.599,108.700,117.800
1757,99.616,108.718,117.820
1758,99.630,108.736,117.841
1759,99.647,108.754,117.861
1760,99.661,108.772,117.883
1761,99.678,108.790,117.902
1762,99.694,108.808,117.922
1763,99.709,108.826,117.944
1764,99.725,108.844,117.963
1765,99.739,108.862,117.985
1766,99.756,108.880,118.004
1767,99.773,108.898,118.024
1768,99.787,108.916,118.046
1769,99.803,108.934,118.065
1770,99.818,108.952,118.087
1771,99.834,108.970,118.106
1772,99.851,108.988,118.126
1773,99.865,109.006,118.148
1774,99.882,109.024,118.167
1775,99.896,109.042,118.189
1776,99.912,109.060,118.208
1777,99.929,109.078,118.228
1778,99.943,109.096,118.249
1779,99.960,109.114,118.269
1780,99.974,109.132,118.291
1781,99.990,109.150,118.310
1782,100.007,109.168,118.330
1783,100.021,109.186,118.352
1784,100.038,109.204,118.371
1785,100.052,109.222,118.393
1786,100.069,109.240,118.412
1787,100.085,109.258,118.432
1788,100.099,109.276,118.453
1789,100.116,109.294,118.473
1790,100.130,109.312,118.495
1791,100.147,109.330,118.514
1792,100.163,109.348,118.534
1793,100.177,109.366,118.555
1794,100.194,109.384,118.575
1795,100.208,109.402,118.596
1796,100.225,109.420,118.616
1797,100.241,109.438,118.635
1798,100.255,109.456,118.657
1799,100.272,109.474,118.677
1800,100.286,109.492,118.698
1801,100.303,109.510,118.718
1802,100.319,109.528,118.737
1803,100.333,109.546,118.759
1804,100.350,109.564,118.779
1805,100.364,109.582,118.800
1806,100.381,109.600,118.820
1807,100.397,109.618,118.839
1808,100.411,109.636,118.861
1809,100.428,109.654,118.880
1810,100.442,109.672,118.902
1811,100.458,109.690,118.922
1812,100.475,109.708,118.941
1813,100.489,109.726,118.963
1814,100.506,109.744,118.982
1815,100.520,109.762,119.004
1816,100.536,109.780,119.023
1817,100.553,109.798,119.043
1818,100.567,109.816,119.064
1819,100.584,109.834,119.084
1820,100.598,109.852,119.105
1821,100.614,109.870,119.125
1822,100.631,109.888,119.144
1823,100.645,109.906,119.166
1824,100.661,109.923,119.186
1825,100.676,109.941,119.207
1826,100.692,109.959,119.227
1827,100.708,109.977,119.246
1828,100.723,109.995,119.268
1829,100.739,110.013,119.287
1830,100.753,110.031,119.309
1831,100.770,110.049,119.328
1832,100.786,110.067,119.348
1833,100.800,110.085,119.369
1834,100.817,110.103,119.389
1835,100.831,110.121,119.410
1836,100.847,110.139,119.430
1837,100.864,110.157,119.449
1838,100.878,110.174,119.471
1839,100.894,110.192,119.490
1840,100.909,110.210,119.512
1841,100.925,110.228,119.532
1842,100.941,110.246,119.551
1843,100.956,110.264,119.573
1844,100.972,110.282,119.592
1845,100.986,110.300,119.614
1846,101.003,110.318,119.633
1847,101.019,110.336,119.653
1848,101.033,110.354,119.674
1849,101.050,110.372,119.694
1850,101.066,110.390,119.713
1851,101.080,110.407,119.735
1852,101.097,110.425,119.754
1853,101.111,110.443,119.776
1854,101.127,110.461,119.795
1855,101.144,110.479,119.814
1856,101.158,110.497,119.836
