# WHO Child Growth Standards; source=https://www.who.int/tools/child-growth-standards/standards/weight-for-age
day,minus2sd,median,plus2sd
0,2.395,3.232,4.230
1,2.352,3.196,4.222
2,2.362,3.210,4.249
3,2.378,3.232,4.280
4,2.397,3.256,4.314
5,2.418,3.282,4.349
6,2.440,3.310,4.386
7,2.464,3.339,4.423
8,2.488,3.369,4.461
9,2.513,3.400,4.500
10,2.540,3.431,4.540
11,2.567,3.464,4.581
12,2.595,3.498,4.623
13,2.623,3.533,4.667
14,2.653,3.569,4.712
15,2.683,3.606,4.758
16,2.714,3.644,4.804
17,2.745,3.682,4.852
18,2.777,3.720,4.899
19,2.808,3.758,4.946
20,2.840,3.797,4.994
21,2.871,3.835,5.042
22,2.903,3.874,5.089
23,2.934,3.912,5.136
24,2.965,3.950,5.183
25,2.996,3.987,5.229
26,3.027,4.025,5.275
27,3.058,4.062,5.321
28,3.088,4.099,5.366
29,3.118,4.135,5.411
30,3.148,4.172,5.456
31,3.178,4.208,5.500
32,3.207,4.243,5.544
33,3.236,4.278,5.587
34,3.265,4.313,5.630
35,3.294,4.348,5.672
36,3.322,4.382,5.714
37,3.350,4.416,5.756
38,3.377,4.449,5.797
39,3.405,4.482,5.837
40,3.432,4.515,5.878
41,3.459,4.547,5.917
42,3.485,4.579,5.957
43,3.512,4.611,5.995
44,3.538,4.642,6.034
45,3.564,4.674,6.072
46,3.589,4.704,6.110
47,3.614,4.735,6.147
48,3.639,4.765,6.184
49,3.664,4.795,6.221
50,3.689,4.824,6.257
51,3.713,4.854,6.293
52,3.737,4.883,6.329
53,3.761,4.912,6.364
54,3.785,4.940,6.399
55,3.808,4.968,6.433
56,3.831,4.996,6.467
57,3.854,5.024,6.501
58,3.877,5.051,6.535
59,3.899,5.078,6.568
60,3.922,5.105,6.601
61,3.944,5.132,6.634
62,3.966,5.158,6.666
63,3.987,5.184,6.699
64,4.009,5.210,6.731
65,4.031,5.236,6.762
66,4.052,5.262,6.794
67,4.073,5.287,6.825
68,4.094,5.312,6.856
69,4.114,5.337,6.886
70,4.135,5.362,6.917
71,4.155,5.386,6.947
72,4.175,5.411,6.977
73,4.195,5.435,7.007
74,4.215,5.459,7.036
75,4.235,5.482,7.066
76,4.255,5.506,7.095
77,4.274,5.530,7.124
78,4.293,5.553,7.152
79,4.312,5.576,7.181
80,4.331,5.599,7.209
81,4.350,5.621,7.237
82,4.369,5.644,7.265
83,4.387,5.666,7.292
84,4.406,5.688,7.320
85,4.424,5.710,7.347
86,4.442,5.732,7.374
87,4.460,5.754,7.401
88,4.478,5.776,7.428
89,4.496,5.797,7.454
90,4.513,5.818,7.480
91,4.531,5.839,7.506
92,4.548,5.860,7.532
93,4.565,5.881,7.558
94,4.582,5.902,7.584
95,4.599,5.922,7.609
96,4.616,5.943,7.634
97,4.633,5.963,7.660
98,4.650,5.983,7.685
99,4.666,6.003,7.710
100,4.683,6.023,7.734
101,4.699,6.043,7.759
102,4.715,6.062,7.783
103,4.731,6.082,7.807
104,4.747,6.101,7.831
105,4.763,6.120,7.855
106,4.779,6.139,7.879
107,4.794,6.158,7.902
108,4.810,6.177,7.926
109,4.825,6.196,7.949
110,4.841,6.214,7.972
111,4.856,6.233,7.995
112,4.871,6.251,8.018
113,4.886,6.269,8.041
114,4.901,6.287,8.063
115,4.916,6.305,8.086
116,4.930,6.323,8.108
117,4.945,6.341,8.130
118,4.960,6.359,8.152
119,4.974,6.376,8.174
120,4.988,6.394,8.196
121,5.003,6.411,8.217
122,5.017,6.428,8.239
123,5.031,6.445,8.260
124,5.045,6.462,8.281
125,5.059,6.479,8.302
126,5.073,6.496,8.323
127,5.086,6.512,8.344
128,5.100,6.529,8.365
129,5.113,6.545,8.385
130,5.127,6.562,8.406
131,5.140,6.578,8.426
132,5.154,6.594,8.446
133,5.167,6.610,8.466
134,5.180,6.626,8.486
135,5.193,6.642,8.506
136,5.206,6.657,8.526
137,5.219,6.673,8.545
138,5.231,6.688,8.565
139,5.244,6.704,8.584
140,5.257,6.719,8.604
141,5.269,6.734,8.623
142,5.282,6.750,8.642
143,5.294,6.765,8.661
144,5.306,6.780,8.679
145,5.318,6.794,8.698
146,5.331,6.809,8.717
147,5.343,6.824,8.735
148,5.355,6.838,8.753
149,5.366,6.853,8.772
150,5.378,6.867,8.790
151,5.390,6.882,8.808
152,5.402,6.896,8.826
153,5.413,6.910,8.844
154,5.425,6.924,8.862
155,5.436,6.938,8.879
156,5.448,6.952,8.897
157,5.459,6.966,8.914
158,5.470,6.980,8.932
159,5.482,6.993,8.949
160,5.493,7.007,8.967
161,5.504,7.020,8.984
162,5.515,7.034,9.001
163,5.526,7.047,9.018
164,5.537,7.061,9.035
165,5.548,7.074,9.051
166,5.558,7.087,9.068
167,5.569,7.100,9.085
168,5.580,7.113,9.101
169,5.590,7.126,9.118
170,5.601,7.139,9.134
171,5.611,7.152,9.151
172,5.622,7.165,9.167
173,5.632,7.178,9.183
174,5.642,7.190,9.199
175,5.653,7.203,9.215
176,5.663,7.215,9.231
177,5.673,7.228,9.247
178,5.683,7.240,9.263
179,5.693,7.253,9.279
180,5.703,7.265,9.295
181,5.713,7.277,9.310
182,5.723,7.289,9.326
183,5.733,7.302,9.341
184,5.743,7.314,9.357
185,5.753,7.326,9.372
186,5.762,7.338,9.388
187,5.772,7.350,9.403
188,5.782,7.361,9.418
189,5.791,7.373,9.433
190,5.801,7.385,9.448
191,5.810,7.397,9.463
192,5.820,7.408,9.478
193,5.829,7.420,9.493
194,5.838,7.431,9.508
195,5.848,7.443,9.523
196,5.857,7.454,9.537
197,5.866,7.466,9.552
198,5.875,7.477,9.567
199,5.884,7.488,9.581
200,5.893,7.500,9.596
201,5.902,7.511,9.610
202,5.911,7.522,9.625
203,5.920,7.533,9.639
204,5.929,7.544,9.653
205,5.938,7.555,9.668
206,5.947,7.566,9.682
207,5.956,7.577,9.696
208,5.965,7.588,9.710
209,5.973,7.599,9.724
210,5.982,7.609,9.738
211,5.991,7.620,9.752
212,5.999,7.631,9.766
213,6.008,7.642,9.780
214,6.016,7.652,9.793
215,6.025,7.663,9.807
216,6.033,7.673,9.821
217,6.042,7.684,9.834
218,6.050,7.694,9.848
219,6.059,7.705,9.862
220,6.067,7.715,9.875
221,6.075,7.725,9.889
222,6.083,7.736,9.902
223,6.092,7.746,9.915
224,6.100,7.756,9.929
225,6.108,7.766,9.942
226,6.116,7.777,9.955
227,6.124,7.787,9.969
228,6.132,7.797,9.982
229,6.140,7.807,9.995
230,6.148,7.817,10.008
231,6.156,7.827,10.021
232,6.164,7.837,10.034
233,6.172,7.847,10.047
234,6.180,7.857,10.060
235,6.188,7.866,10.073
236,6.196,7.876,10.086
237,6.204,7.886,10.099
238,6.211,7.896,10.111
239,6.219,7.905,10.124
240,6.227,7.915,10.137
241,6.234,7.925,10.150
242,6.242,7.934,10.162
243,6.250,7.944,10.175
244,6.257,7.953,10.187
245,6.265,7.963,10.200
246,6.272,7.972,10.212
247,6.280,7.982,10.225
248,6.287,7.991,10.237
249,6.295,8.001,10.249
250,6.302,8.010,10.262
251,6.310,8.019,10.274
252,6.317,8.029,10.286
253,6.324,8.038,10.298
254,6.332,8.047,10.311
255,6.339,8.056,10.323
256,6.346,8.066,10.335
257,6.354,8.075,10.347
258,6.361,8.084,10.359
259,6.368,8.093,10.371
260,6.375,8.102,10.383
261,6.382,8.111,10.395
262,6.389,8.120,10.407
263,6.397,8.129,10.419
264,6.404,8.138,10.431
265,6.411,8.147,10.442
266,6.418,8.156,10.454
267,6.425,8.164,10.466
268,6.432,8.173,10.478
269,6.439,8.182,10.489
270,6.446,8.191,10.501
271,6.453,8.200,10.513
272,6.460,8.208,10.524
273,6.466,8.217,10.536
274,6.473,8.226,10.547
275,6.480,8.235,10.559
276,6.487,8.243,10.570
277,6.494,8.252,10.582
278,6.501,8.260,10.593
279,6.507,8.269,10.604
280,6.514,8.278,10.616
281,6.521,8.286,10.627
282,6.528,8.295,10.638
283,6.534,8.303,10.650
284,6.541,8.312,10.661
285,6.548,8.320,10.672
286,6.554,8.328,10.683
287,6.561,8.337,10.695
288,6.568,8.345,10.706
289,6.574,8.354,10.717
290,6.581,8.362,10.728
291,6.587,8.370,10.739
292,6.594,8.379,10.750
293,6.601,8.387,10.761
294,6.607,8.395,10.772
295,6.614,8.404,10.783
296,6.620,8.412,10.794
297,6.626,8.420,10.805
298,6.633,8.428,10.816
299,6.639,8.436,10.827
300,6.646,8.444,10.838
301,6.652,8.453,10.849
302,6.659,8.461,10.859
303,6.665,8.469,10.870
304,6.671,8.477,10.881
305,6.678,8.485,10.892
306,6.684,8.493,10.902
307,6.690,8.501,10.913
308,6.697,8.509,10.924
309,6.703,8.517,10.935
310,6.710,8.525,10.945
311,6.716,8.533,10.956
312,6.722,8.541,10.966
313,6.728,8.549,10.977
314,6.734,8.557,10.988
315,6.741,8.565,10.998
316,6.747,8.573,11.009
317,6.753,8.581,11.019
318,6.759,8.589,11.030
319,6.766,8.596,11.040
320,6.772,8.604,11.051
321,6.778,8.612,11.061
322,6.784,8.620,11.072
323,6.790,8.628,11.082
324,6.796,8.636,11.093
325,6.803,8.644,11.103
326,6.809,8.651,11.113
327,6.815,8.659,11.124
328,6.821,8.667,11.134
329,6.827,8.674,11.144
330,6.833,8.682,11.154
331,6.839,8.690,11.165
332,6.845,8.698,11.175
333,6.851,8.705,11.185
334,6.857,8.713,11.196
335,6.863,8.721,11.206
336,6.869,8.728,11.216
337,6.875,8.736,11.226
338,6.882,8.744,11.236
339,6.887,8.751,11.247
340,6.893,8.759,11.257
341,6.899,8.766,11.267
342,6.905,8.774,11.277
343,6.911,8.782,11.287
344,6.917,8.789,11.297
345,6.923,8.797,11.307
346,6.929,8.804,11.317
347,6.935,8.812,11.327
348,6.941,8.819,11.337
349,6.947,8.827,11.347
350,6.953,8.834,11.357
351,6.959,8.842,11.368
352,6.965,8.850,11.377
353,6.971,8.857,11.387
354,6.977,8.864,11.397
355,6.983,8.872,11.407
356,6.988,8.879,11.417
357,6.994,8.887,11.427
358,7.000,8.894,11.437
359,7.006,8.902,11.447
360,7.012,8.909,11.457
361,7.018,8.917,11.467
362,7.024,8.924,11.477
363,7.030,8.931,11.486
364,7.035,8.939,11.496
365,7.041,8.946,11.506
366,7.047,8.954,11.516
367,7.053,8.961,11.526
368,7.059,8.968,11.535
369,7.064,8.976,11.545
370,7.070,8.983,11.555
371,7.076,8.990,11.565
372,7.082,8.998,11.575
373,7.088,9.005,11.584
374,7.093,9.012,11.594
375,7.099,9.020,11.604
376,7.105,9.027,11.614
377,7.111,9.034,11.623
378,7.116,9.042,11.633
379,7.122,9.049,11.643
380,7.128,9.056,11.652
381,7.134,9.064,11.662
382,7.140,9.071,11.672
383,7.145,9.078,11.681
384,7.151,9.085,11.691
385,7.157,9.093,11.701
386,7.162,9.100,11.710
387,7.168,9.107,11.720
388,7.174,9.114,11.729
389,7.180,9.122,11.739
390,7.185,9.129,11.749
391,7.191,9.136,11.758
392,7.197,9.143,11.768
393,7.203,9.151,11.777
394,7.208,9.158,11.787
395,7.214,9.165,11.796
396,7.220,9.172,11.806
397,7.225,9.179,11.816
398,7.231,9.187,11.825
399,7.237,9.194,11.835
400,7.242,9.201,11.844
401,7.248,9.208,11.853
402,7.254,9.215,11.863
403,7.259,9.222,11.872
404,7.265,9.230,11.882
405,7.271,9.237,11.891
406,7.276,9.244,11.901
407,7.282,9.251,11.910
408,7.288,9.258,11.920
409,7.293,9.265,11.929
410,7.299,9.272,11.939
411,7.305,9.280,11.948
412,7.310,9.287,11.957
413,7.316,9.294,11.967
414,7.322,9.301,11.976
415,7.327,9.308,11.986
416,7.333,9.315,11.995
417,7.338,9.322,12.004
418,7.344,9.329,12.014
419,7.350,9.336,12.023
420,7.355,9.344,12.032
421,7.361,9.351,12.042
422,7.367,9.358,12.051
423,7.372,9.365,12.061
424,7.378,9.372,12.070
425,7.383,9.379,12.079
426,7.389,9.386,12.089
427,7.395,9.393,12.098
428,7.400,9.400,12.107
429,7.406,9.407,12.116
430,7.411,9.414,12.126
431,7.417,9.421,12.135
432,7.423,9.428,12.144
433,7.428,9.436,12.153
434,7.434,9.443,12.163
435,7.439,9.450,12.172
436,7.445,9.457,12.181
437,7.451,9.464,12.191
438,7.456,9.471,12.200
439,7.462,9.478,12.209
440,7.467,9.485,12.219
441,7.473,9.492,12.228
442,7.478,9.499,12.237
443,7.484,9.506,12.246
444,7.490,9.513,12.255
445,7.495,9.520,12.265
446,7.501,9.527,12.274
447,7.506,9.534,12.283
448,7.512,9.541,12.292
449,7.517,9.548,12.301
450,7.523,9.555,12.310
451,7.529,9.562,12.320
452,7.534,9.569,12.329
453,7.540,9.576,12.338
454,7.545,9.583,12.347
455,7.551,9.590,12.356
456,7.556,9.597,12.366
457,7.562,9.604,12.375
458,7.567,9.611,12.384
459,7.573,9.618,12.393
460,7.578,9.625,12.402
461,7.584,9.632,12.411
462,7.590,9.639,12.421
463,7.595,9.646,12.430
464,7.601,9.653,12.439
465,7.606,9.660,12.448
466,7.612,9.666,12.457
467,7.617,9.674,12.466
468,7.623,9.680,12.475
469,7.628,9.687,12.484
470,7.634,9.694,12.494
471,7.639,9.701,12.503
472,7.645,9.708,12.512
473,7.650,9.715,12.521
474,7.656,9.722,12.530
475,7.661,9.729,12.539
476,7.667,9.736,12.548
477,7.672,9.743,12.557
478,7.678,9.750,12.567
479,7.684,9.757,12.576
480,7.689,9.764,12.585
481,7.695,9.771,12.594
482,7.700,9.778,12.603
483,7.706,9.785,12.612
484,7.711,9.792,12.621
485,7.717,9.798,12.630
486,7.722,9.805,12.639
487,7.728,9.812,12.648
488,7.733,9.819,12.657
489,7.739,9.826,12.666
490,7.744,9.833,12.675
491,7.750,9.840,12.685
492,7.755,9.847,12.694
493,7.761,9.854,12.703
494,7.766,9.861,12.712
495,7.772,9.868,12.721
496,7.777,9.875,12.730
497,7.783,9.882,12.739
498,7.788,9.888,12.748
499,7.794,9.895,12.757
500,7.799,9.902,12.766
501,7.805,9.909,12.775
502,7.810,9.916,12.784
503,7.816,9.923,12.793
504,7.821,9.930,12.802
505,7.827,9.937,12.811
506,7.832,9.944,12.820
507,7.837,9.951,12.829
508,7.843,9.958,12.838
509,7.848,9.964,12.847
510,7.854,9.971,12.856
511,7.859,9.978,12.865
512,7.865,9.985,12.874
513,7.870,9.992,12.884
514,7.876,9.999,12.893
515,7.881,10.006,12.902
516,7.887,10.013,12.911
517,7.892,10.020,12.920
518,7.898,10.026,12.929
519,7.903,10.033,12.938
520,7.909,10.040,12.947
521,7.914,10.047,12.956
522,7.920,10.054,12.965
523,7.925,10.061,12.974
524,7.931,10.068,12.983
525,7.936,10.075,12.992
526,7.941,10.082,13.001
527,7.947,10.088,13.010
528,7.952,10.095,13.019
529,7.958,10.102,13.028
530,7.963,10.109,13.037
531,7.969,10.116,13.046
532,7.974,10.123,13.055
533,7.980,10.130,13.064
534,7.985,10.136,13.073
535,7.990,10.143,13.082
536,7.996,10.150,13.091
537,8.001,10.157,13.100
538,8.007,10.164,13.109
539,8.012,10.171,13.118
540,8.018,10.178,13.127
541,8.023,10.184,13.136
542,8.028,10.191,13.145
543,8.034,10.198,13.154
544,8.039,10.205,13.163
545,8.045,10.212,13.172
546,8.050,10.219,13.180
547,8.056,10.226,13.189
548,8.061,10.232,13.198
549,8.066,10.239,13.208
550,8.072,10.246,13.217
551,8.077,10.253,13.225
552,8.083,10.260,13.234
553,8.088,10.267,13.243
554,8.093,10.273,13.252
555,8.099,10.280,13.261
556,8.104,10.287,13.270
557,8.110,10.294,13.279
558,8.115,10.301,13.288
559,8.121,10.308,13.297
560,8.126,10.314,13.306
561,8.131,10.321,13.315
562,8.137,10.328,13.324
563,8.142,10.335,13.333
564,8.147,10.342,13.342
565,8.153,10.349,13.351
566,8.158,10.355,13.360
567,8.164,10.362,13.369
568,8.169,10.369,13.378
569,8.175,10.376,13.387
570,8.180,10.383,13.396
571,8.185,10.390,13.405
572,8.191,10.396,13.414
573,8.196,10.403,13.422
574,8.201,10.410,13.431
575,8.207,10.417,13.440
576,8.212,10.424,13.449
577,8.218,10.430,13.458
578,8.223,10.437,13.467
579,8.228,10.444,13.476
580,8.234,10.451,13.485
581,8.239,10.458,13.494
582,8.244,10.464,13.503
583,8.250,10.471,13.512
584,8.255,10.478,13.521
585,8.261,10.485,13.530
586,8.266,10.492,13.539
587,8.271,10.498,13.548
588,8.277,10.505,13.557
589,8.282,10.512,13.566
590,8.287,10.519,13.575
591,8.293,10.526,13.583
592,8.298,10.532,13.593
593,8.303,10.539,13.601
594,8.309,10.546,13.610
595,8.314,10.553,13.619
596,8.319,10.560,13.628
597,8.325,10.566,13.637
598,8.330,10.573,13.646
599,8.336,10.580,13.655
600,8.341,10.587,13.664
601,8.346,10.594,13.673
602,8.352,10.600,13.682
603,8.357,10.607,13.691
604,8.362,10.614,13.700
605,8.368,10.621,13.709
606,8.373,10.628,13.718
607,8.378,10.634,13.727
608,8.384,10.641,13.736
609,8.389,10.648,13.745
610,8.394,10.655,13.754
611,8.400,10.662,13.762
612,8.405,10.668,13.772
613,8.411,10.675,13.780
614,8.416,10.682,13.789
615,8.421,10.689,13.798
616,8.427,10.696,13.807
617,8.432,10.702,13.816
618,8.437,10.709,13.825
619,8.443,10.716,13.834
620,8.448,10.723,13.843
621,8.453,10.730,13.852
622,8.459,10.736,13.861
623,8.464,10.743,13.870
624,8.469,10.750,13.879
625,8.475,10.757,13.888
626,8.480,10.764,13.897
627,8.485,10.770,13.906
628,8.491,10.777,13.915
629,8.496,10.784,13.924
630,8.501,10.791,13.933
631,8.507,10.798,13.942
632,8.512,10.804,13.951
633,8.517,10.811,13.960
634,8.523,10.818,13.969
635,8.528,10.825,13.978
636,8.533,10.832,13.987
637,8.539,10.838,13.996
638,8.544,10.845,14.005
639,8.549,10.852,14.014
640,8.555,10.859,14.023
641,8.560,10.866,14.032
642,8.565,10.872,14.041
643,8.571,10.879,14.050
644,8.576,10.886,14.059
645,8.581,10.893,14.068
646,8.587,10.900,14.077
647,8.592,10.906,14.086
648,8.597,10.913,14.095
649,8.602,10.920,14.104
650,8.608,10.927,14.113
651,8.613,10.934,14.122
652,8.619,10.941,14.131
653,8.624,10.947,14.140
654,8.629,10.954,14.149
655,8.634,10.961,14.158
656,8.640,10.968,14.167
657,8.645,10.975,14.176
658,8.650,10.982,14.185
659,8.656,10.988,14.194
660,8.661,10.995,14.203
661,8.666,11.002,14.212
662,8.672,11.009,14.221
663,8.677,11.016,14.230
664,8.682,11.022,14.239
665,8.688,11.029,14.248
666,8.693,11.036,14.257
667,8.698,11.043,14.267
668,8.704,11.050,14.276
669,8.709,11.056,14.285
670,8.714,11.063,14.294
671,8.720,11.070,14.303
672,8.725,11.077,14.312
673,8.730,11.084,14.321
674,8.736,11.091,14.330
675,8.741,11.098,14.339
676,8.746,11.104,14.348
677,8.751,11.111,14.357
678,8.757,11.118,14.366
679,8.762,11.125,14.375
680,8.768,11.132,14.384
681,8.773,11.138,14.393
682,8.778,11.145,14.403
683,8.783,11.152,14.412
684,8.789,11.159,14.421
685,8.794,11.166,14.430
686,8.799,11.173,14.439
687,8.805,11.180,14.448
688,8.810,11.186,14.457
689,8.815,11.193,14.466
690,8.821,11.200,14.475
691,8.826,11.207,14.484
692,8.831,11.214,14.494
693,8.837,11.220,14.502
694,8.842,11.227,14.512
695,8.847,11.234,14.521
696,8.853,11.241,14.530
697,8.858,11.248,14.539
698,8.863,11.255,14.548
699,8.869,11.262,14.557
700,8.874,11.268,14.566
701,8.879,11.275,14.575
702,8.884,11.282,14.585
703,8.890,11.289,14.594
704,8.895,11.296,14.603
705,8.900,11.303,14.612
706,8.906,11.310,14.621
707,8.911,11.316,14.630
708,8.916,11.323,14.639
709,8.922,11.330,14.648
710,8.927,11.337,14.657
711,8.932,11.344,14.667
712,8.938,11.351,14.676
713,8.943,11.358,14.685
714,8.948,11.364,14.694
715,8.954,11.371,14.703
716,8.959,11.378,14.712
717,8.964,11.385,14.722
718,8.969,11.392,14.731
719,8.975,11.399,14.740
720,8.980,11.406,14.749
721,8.985,11.412,14.758
722,8.991,11.419,14.767
723,8.996,11.426,14.776
724,9.001,11.433,14.786
725,9.007,11.440,14.795
726,9.012,11.447,14.804
727,9.017,11.454,14.813
728,9.023,11.460,14.822
729,9.028,11.467,14.832
730,9.033,11.474,14.841
731,9.039,11.481,14.850
732,9.044,11.488,14.859
733,9.049,11.495,14.868
734,9.055,11.502,14.877
735,9.060,11.508,14.886
736,9.065,11.515,14.896
737,9.070,11.522,14.905
738,9.076,11.529,14.914
739,9.081,11.536,14.923
740,9.086,11.543,14.932
741,9.092,11.550,14.942
742,9.097,11.556,14.951
743,9.102,11.563,14.960
744,9.108,11.570,14.969
745,9.113,11.577,14.978
746,9.118,11.584,14.988
747,9.123,11.591,14.997
748,9.129,11.598,15.006
749,9.134,11.604,15.015
750,9.139,11.611,15.024
751,9.144,11.618,15.034
752,9.150,11.625,15.043
753,9.155,11.632,15.052
754,9.160,11.639,15.061
755,9.166,11.646,15.070
756,9.171,11.652,15.080
757,9.176,11.659,15.089
758,9.182,11.666,15.098
759,9.187,11.673,15.107
760,9.192,11.680,15.116
761,9.197,11.687,15.126
762,9.203,11.694,15.135
763,9.208,11.700,15.144
764,9.213,11.707,15.153
765,9.219,11.714,15.162
766,9.224,11.721,15.172
767,9.229,11.728,15.181
768,9.234,11.735,15.190
769,9.240,11.742,15.199
770,9.245,11.748,15.208
771,9.250,11.755,15.217
772,9.255,11.762,15.227
773,9.261,11.769,15.236
774,9.266,11.776,15.245
775,9.271,11.783,15.254
776,9.276,11.790,15.264
777,9.282,11.796,15.273
778,9.287,11.803,15.282
779,9.292,11.810,15.291
780,9.298,11.817,15.300
781,9.303,11.824,15.310
782,9.308,11.831,15.319
783,9.313,11.838,15.328
784,9.318,11.844,15.337
785,9.324,11.851,15.347
786,9.329,11.858,15.356
787,9.334,11.865,15.365
788,9.339,11.872,15.374
789,9.345,11.878,15.383
790,9.350,11.885,15.393
791,9.355,11.892,15.402
792,9.361,11.899,15.411
793,9.366,11.906,15.420
794,9.371,11.913,15.429
795,9.376,11.919,15.438
796,9.381,11.926,15.448
797,9.387,11.933,15.457
798,9.392,11.940,15.466
799,9.397,11.947,15.475
800,9.402,11.954,15.484
801,9.407,11.960,15.494
802,9.413,11.967,15.503
803,9.418,11.974,15.512
804,9.423,11.981,15.521
805,9.428,11.988,15.531
806,9.433,11.994,15.540
807,9.439,12.001,15.549
808,9.444,12.008,15.558
809,9.449,12.015,15.567
810,9.454,12.022,15.576
811,9.459,12.028,15.586
812,9.465,12.035,15.595
813,9.470,12.042,15.604
814,9.475,12.049,15.613
815,9.480,12.055,15.623
816,9.485,12.062,15.632
817,9.490,12.069,15.641
818,9.495,12.076,15.650
819,9.501,12.082,15.659
820,9.506,12.089,15.668
821,9.511,12.096,15.678
822,9.516,12.103,15.687
823,9.521,12.110,15.696
824,9.526,12.116,15.705
825,9.532,12.123,15.714
826,9.537,12.130,15.723
827,9.542,12.137,15.732
828,9.547,12.143,15.742
829,9.552,12.150,15.751
830,9.557,12.157,15.760
831,9.562,12.164,15.769
832,9.567,12.170,15.778
833,9.573,12.177,15.788
834,9.578,12.184,15.797
835,9.583,12.190,15.806
836,9.588,12.197,15.815
837,9.593,12.204,15.824
838,9.598,12.211,15.833
839,9.603,12.217,15.842
840,9.608,12.224,15.852
841,9.613,12.231,15.861
842,9.618,12.237,15.870
843,9.624,12.244,15.879
844,9.628,12.251,15.888
845,9.634,12.258,15.897
846,9.639,12.264,15.906
847,9.644,12.271,15.915
848,9.649,12.278,15.924
849,9.654,12.284,15.934
850,9.659,12.291,15.943
851,9.664,12.298,15.952
852,9.669,12.304,15.961
853,9.674,12.311,15.970
854,9.679,12.318,15.979
855,9.684,12.324,15.988
856,9.689,12.331,15.997
857,9.694,12.338,16.006
858,9.699,12.344,16.015
859,9.704,12.351,16.025
860,9.709,12.358,16.034
861,9.714,12.364,16.043
862,9.719,12.371,16.052
863,9.724,12.377,16.061
864,9.729,12.384,16.070
865,9.734,12.391,16.079
866,9.739,12.397,16.088
867,9.744,12.404,16.097
868,9.749,12.410,16.106
869,9.754,12.417,16.115
870,9.759,12.424,16.124
871,9.764,12.430,16.134
872,9.769,12.437,16.143
873,9.774,12.444,16.152
874,9.779,12.450,16.161
875,9.784,12.457,16.170
876,9.789,12.463,16.179
877,9.794,12.470,16.188
878,9.799,12.476,16.197
879,9.804,12.483,16.206
880,9.809,12.490,16.215
881,9.814,12.496,16.224
882,9.819,12.503,16.233
883,9.824,12.509,16.242
884,9.829,12.516,16.251
885,9.834,12.522,16.260
886,9.838,12.529,16.269
887,9.843,12.536,16.278
888,9.848,12.542,16.287
889,9.853,12.549,16.296
890,9.858,12.555,16.305
891,9.863,12.562,16.314
892,9.868,12.568,16.323
893,9.873,12.575,16.332
894,9.878,12.581,16.341
895,9.883,12.588,16.350
896,9.887,12.594,16.359
897,9.892,12.601,16.368
898,9.897,12.607,16.377
899,9.902,12.614,16.386
900,9.907,12.620,16.395
901,9.912,12.627,16.404
902,9.917,12.633,16.413
903,9.921,12.640,16.422
904,9.926,12.646,16.431
905,9.931,12.653,16.440
906,9.936,12.659,16.449
907,9.941,12.666,16.458
908,9.946,12.672,16.467
909,9.951,12.679,16.476
910,9.955,12.685,16.485
911,9.960,12.692,16.494
912,9.965,12.698,16.503
913,9.970,12.705,16.512
914,9.975,12.711,16.521
915,9.980,12.718,16.530
916,9.984,12.724,16.539
917,9.989,12.730,16.548
918,9.994,12.737,16.556
919,9.999,12.743,16.566
920,10.004,12.750,16.574
921,10.008,12.756,16.584
922,10.013,12.763,16.592
923,10.018,12.769,16.601
924,10.023,12.776,16.610
925,10.027,12.782,16.619
926,10.032,12.788,16.628
927,10.037,12.795,16.637
928,10.042,12.801,16.646
929,10.047,12.808,16.655
930,10.051,12.814,16.664
931,10.056,12.820,16.673
932,10.061,12.827,16.681
933,10.066,12.833,16.691
934,10.070,12.840,16.699
935,10.075,12.846,16.708
936,10.080,12.852,16.717
937,10.085,12.859,16.726
938,10.089,12.865,16.735
939,10.094,12.872,16.744
940,10.099,12.878,16.753
941,10.104,12.884,16.762
942,10.108,12.891,16.771
943,10.113,12.897,16.779
944,10.118,12.903,16.788
945,10.122,12.910,16.797
946,10.127,12.916,16.806
947,10.132,12.922,16.815
948,10.136,12.929,16.824
949,10.141,12.935,16.833
950,10.146,12.942,16.842
951,10.150,12.948,16.850
952,10.155,12.954,16.859
953,10.160,12.960,16.868
954,10.164,12.967,16.877
955,10.169,12.973,16.886
956,10.174,12.980,16.895
957,10.178,12.986,16.904
958,10.183,12.992,16.912
959,10.188,12.998,16.921
960,10.192,13.005,16.930
961,10.197,13.011,16.939
962,10.202,13.017,16.948
963,10.206,13.024,16.957
964,10.211,13.030,16.966
965,10.216,13.036,16.975
966,10.220,13.043,16.984
967,10.225,13.049,16.992
968,10.230,13.055,17.001
969,10.234,13.062,17.010
970,10.239,13.068,17.019
971,10.244,13.074,17.028
972,10.248,13.080,17.037
973,10.253,13.087,17.045
974,10.257,13.093,17.054
975,10.262,13.099,17.063
976,10.267,13.106,17.072
977,10.271,13.112,17.081
978,10.276,13.118,17.090
979,10.281,13.124,17.099
980,10.285,13.131,17.107
981,10.290,13.137,17.116
982,10.294,13.143,17.125
983,10.299,13.150,17.134
984,10.304,13.156,17.143
985,10.308,13.162,17.152
986,10.313,13.168,17.161
987,10.317,13.175,17.170
988,10.322,13.181,17.178
989,10.327,13.187,17.187
990,10.331,13.193,17.196
991,10.336,13.200,17.205
992,10.340,13.206,17.214
993,10.345,13.212,17.223
994,10.349,13.218,17.232
995,10.354,13.225,17.240
996,10.359,13.231,17.249
997,10.363,13.237,17.258
998,10.368,13.244,17.267
999,10.372,13.250,17.276
1000,10.377,13.256,17.285
1001,10.381,13.262,17.293
1002,10.386,13.268,17.302
1003,10.391,13.275,17.311
1004,10.395,13.281,17.320
1005,10.400,13.287,17.329
1006,10.404,13.293,17.338
1007,10.409,13.300,17.346
1008,10.413,13.306,17.355
1009,10.418,13.312,17.364
1010,10.422,13.318,17.373
1011,10.427,13.325,17.382
1012,10.431,13.331,17.391
1013,10.436,13.337,17.400
1014,10.441,13.343,17.409
1015,10.445,13.350,17.417
1016,10.449,13.356,17.426
1017,10.454,13.362,17.435
1018,10.459,13.368,17.444
1019,10.463,13.374,17.453
1020,10.468,13.381,17.462
1021,10.472,13.387,17.471
1022,10.477,13.393,17.480
1023,10.481,13.399,17.488
1024,10.486,13.406,17.497
1025,10.490,13.412,17.506
1026,10.495,13.418,17.515
1027,10.499,13.424,17.524
1028,10.504,13.430,17.533
1029,10.508,13.437,17.541
1030,10.513,13.443,17.550
1031,10.517,13.449,17.559
1032,10.522,13.455,17.568
1033,10.526,13.461,17.577
1034,10.531,13.468,17.586
1035,10.535,13.474,17.595
1036,10.540,13.480,17.604
1037,10.544,13.486,17.613
1038,10.549,13.492,17.622
1039,10.553,13.499,17.631
1040,10.558,13.505,17.639
1041,10.562,13.511,17.648
1042,10.567,13.517,17.657
1043,10.571,13.524,17.666
1044,10.576,13.530,17.675
1045,10.580,13.536,17.684
1046,10.584,13.542,17.693
1047,10.589,13.548,17.702
1048,10.594,13.554,17.710
1049,10.598,13.561,17.719
1050,10.603,13.567,17.728
1051,10.607,13.573,17.737
1052,10.611,13.579,17.746
1053,10.616,13.586,17.755
1054,10.620,13.592,17.764
1055,10.625,13.598,17.773
1056,10.629,13.604,17.782
1057,10.634,13.610,17.791
1058,10.638,13.616,17.800
1059,10.643,13.623,17.809
1060,10.647,13.629,17.818
1061,10.651,13.635,17.827
1062,10.656,13.641,17.835
1063,10.660,13.648,17.844
1064,10.665,13.654,17.853
1065,10.669,13.660,17.862
1066,10.674,13.666,17.871
1067,10.678,13.672,17.880
1068,10.683,13.678,17.889
1069,10.687,13.685,17.898
1070,10.692,13.691,17.907
1071,10.696,13.697,17.916
1072,10.701,13.703,17.925
1073,10.705,13.710,17.934
1074,10.709,13.716,17.943
1075,10.714,13.722,17.952
1076,10.718,13.728,17.961
1077,10.723,13.734,17.970
1078,10.727,13.740,17.978
1079,10.731,13.747,17.987
1080,10.736,13.753,17.996
1081,10.740,13.759,18.005
1082,10.745,13.765,18.015
1083,10.749,13.771,18.023
1084,10.754,13.778,18.032
1085,10.758,13.784,18.041
1086,10.762,13.790,18.050
1087,10.767,13.796,18.059
1088,10.771,13.802,18.068
1089,10.776,13.808,18.077
1090,10.780,13.815,18.086
1091,10.785,13.821,18.095
1092,10.789,13.827,18.104
1093,10.793,13.833,18.113
1094,10.798,13.840,18.122
1095,10.802,13.846,18.131
1096,10.806,13.852,18.140
1097,10.811,13.858,18.149
1098,10.815,13.864,18.158
1099,10.820,13.870,18.167
1100,10.824,13.877,18.176
1101,10.829,13.883,18.185
1102,10.833,13.889,18.194
1103,10.837,13.895,18.203
1104,10.842,13.901,18.212
1105,10.846,13.908,18.221
1106,10.851,13.914,18.230
1107,10.855,13.920,18.239
1108,10.859,13.926,18.248
1109,10.864,13.932,18.257
1110,10.868,13.938,18.266
1111,10.872,13.945,18.275
1112,10.877,13.951,18.284
1113,10.881,13.957,18.293
1114,10.886,13.963,18.303
1115,10.890,13.969,18.311
1116,10.894,13.976,18.320
1117,10.899,13.982,18.330
1118,10.903,13.988,18.339
1119,10.908,13.994,18.348
1120,10.912,14.000,18.357
1121,10.916,14.006,18.366
1122,10.921,14.013,18.375
1123,10.925,14.019,18.384
1124,10.930,14.025,18.393
1125,10.934,14.031,18.402
1126,10.938,14.037,18.411
1127,10.943,14.044,18.420
1128,10.947,14.050,18.429
1129,10.951,14.056,18.438
1130,10.956,14.062,18.447
1131,10.960,14.068,18.457
1132,10.964,14.074,18.465
1133,10.969,14.081,18.475
1134,10.973,14.087,18.484
1135,10.977,14.093,18.493
1136,10.982,14.099,18.502
1137,10.986,14.105,18.511
1138,10.990,14.112,18.520
1139,10.995,14.118,18.529
1140,10.999,14.124,18.538
1141,11.003,14.130,18.547
1142,11.008,14.136,18.556
1143,11.012,14.142,18.566
1144,11.017,14.148,18.574
1145,11.021,14.155,18.584
1146,11.025,14.161,18.593
1147,11.030,14.167,18.602
1148,11.034,14.173,18.611
1149,11.038,14.179,18.620
1150,11.043,14.186,18.629
1151,11.047,14.192,18.638
1152,11.051,14.198,18.647
1153,11.055,14.204,18.657
1154,11.060,14.210,18.666
1155,11.064,14.216,18.675
1156,11.068,14.223,18.684
1157,11.073,14.229,18.693
1158,11.077,14.235,18.702
1159,11.082,14.241,18.711
1160,11.086,14.247,18.721
1161,11.090,14.253,18.730
1162,11.095,14.260,18.739
1163,11.099,14.266,18.748
1164,11.103,14.272,18.757
1165,11.107,14.278,18.766
1166,11.112,14.284,18.775
1167,11.116,14.290,18.784
1168,11.120,14.297,18.793
1169,11.125,14.303,18.803
1170,11.129,14.309,18.812
1171,11.133,14.315,18.821
1172,11.138,14.321,18.830
1173,11.142,14.327,18.839
1174,11.146,14.334,18.848
1175,11.150,14.340,18.857
1176,11.155,14.346,18.867
1177,11.159,14.352,18.876
1178,11.163,14.358,18.885
1179,11.168,14.364,18.894
1180,11.172,14.370,18.903
1181,11.176,14.377,18.912
1182,11.180,14.383,18.922
1183,11.185,14.389,18.931
1184,11.189,14.395,18.940
1185,11.193,14.401,18.949
1186,11.198,14.408,18.959
1187,11.202,14.414,18.967
1188,11.206,14.420,18.977
1189,11.210,14.426,18.986
1190,11.215,14.432,18.995
1191,11.219,14.438,19.004
1192,11.223,14.444,19.013
1193,11.227,14.450,19.023
1194,11.232,14.457,19.032
1195,11.236,14.463,19.041
1196,11.240,14.469,19.050
1197,11.244,14.475,19.059
1198,11.249,14.481,19.068
1199,11.253,14.487,19.078
1200,11.257,14.494,19.087
1201,11.262,14.500,19.096
1202,11.266,14.506,19.106
1203,11.270,14.512,19.115
1204,11.274,14.518,19.124
1205,11.279,14.524,19.133
1206,11.283,14.530,19.142
1207,11.287,14.537,19.151
1208,11.291,14.543,19.161
1209,11.295,14.549,19.170
1210,11.300,14.555,19.179
1211,11.304,14.561,19.188
1212,11.308,14.567,19.197
1213,11.313,14.573,19.207
1214,11.317,14.580,19.216
1215,11.321,14.586,19.225
1216,11.325,14.592,19.234
1217,11.330,14.598,19.243
1218,11.334,14.604,19.253
1219,11.338,14.610,19.262
1220,11.342,14.616,19.271
1221,11.346,14.622,19.280
1222,11.351,14.629,19.290
1223,11.355,14.635,19.299
1224,11.359,14.641,19.308
1225,11.363,14.647,19.317
1226,11.368,14.653,19.327
1227,11.372,14.659,19.336
1228,11.376,14.665,19.345
1229,11.380,14.672,19.354
1230,11.384,14.678,19.364
1231,11.389,14.684,19.373
1232,11.393,14.690,19.382
1233,11.397,14.696,19.391
1234,11.401,14.702,19.400
1235,11.405,14.708,19.410
1236,11.409,14.714,19.419
1237,11.414,14.720,19.428
1238,11.418,14.726,19.437
1239,11.422,14.733,19.446
1240,11.426,14.739,19.456
1241,11.431,14.745,19.465
1242,11.435,14.751,19.475
1243,11.439,14.757,19.483
1244,11.443,14.763,19.493
1245,11.447,14.769,19.502
1246,11.451,14.775,19.511
1247,11.456,14.782,19.521
1248,11.460,14.788,19.530
1249,11.464,14.794,19.539
1250,11.468,14.800,19.548
1251,11.472,14.806,19.558
1252,11.477,14.812,19.567
1253,11.481,14.818,19.576
1254,11.485,14.824,19.585
1255,11.489,14.830,19.594
1256,11.493,14.836,19.604
1257,11.497,14.843,19.613
1258,11.501,14.849,19.622
1259,11.506,14.855,19.631
1260,11.510,14.861,19.641
1261,11.514,14.867,19.650
1262,11.518,14.873,19.659
1263,11.522,14.879,19.669
1264,11.527,14.885,19.678
1265,11.531,14.891,19.687
1266,11.535,14.897,19.696
1267,11.539,14.904,19.706
1268,11.543,14.910,19.715
1269,11.547,14.916,19.724
1270,11.552,14.922,19.733
1271,11.556,14.928,19.743
1272,11.560,14.934,19.752
1273,11.564,14.940,19.761
1274,11.568,14.946,19.770
1275,11.572,14.952,19.780
1276,11.576,14.958,19.789
1277,11.581,14.964,19.798
1278,11.585,14.970,19.807
1279,11.589,14.976,19.817
1280,11.593,14.983,19.826
1281,11.597,14.989,19.835
1282,11.601,14.995,19.845
1283,11.605,15.001,19.854
1284,11.610,15.007,19.863
1285,11.614,15.013,19.872
1286,11.618,15.019,19.882
1287,11.622,15.025,19.891
1288,11.626,15.031,19.900
1289,11.630,15.037,19.909
1290,11.634,15.043,19.919
1291,11.638,15.049,19.928
1292,11.643,15.056,19.937
1293,11.647,15.062,19.946
1294,11.651,15.068,19.956
1295,11.655,15.074,19.965
1296,11.659,15.080,19.975
1297,11.663,15.086,19.984
1298,11.667,15.092,19.993
1299,11.671,15.098,20.002
1300,11.675,15.104,20.012
1301,11.679,15.110,20.021
1302,11.684,15.116,20.030
1303,11.688,15.122,20.039
1304,11.692,15.128,20.049
1305,11.696,15.134,20.058
1306,11.700,15.140,20.067
1307,11.704,15.146,20.076
1308,11.708,15.152,20.086
1309,11.712,15.158,20.095
1310,11.716,15.164,20.104
1311,11.720,15.170,20.113
1312,11.724,15.177,20.123
1313,11.728,15.183,20.132
1314,11.733,15.189,20.141
1315,11.737,15.195,20.151
1316,11.741,15.201,20.160
1317,11.745,15.207,20.169
1318,11.749,15.213,20.179
1319,11.753,15.219,20.188
1320,11.757,15.225,20.197
1321,11.761,15.231,20.206
1322,11.765,15.237,20.216
1323,11.769,15.243,20.225
1324,11.774,15.249,20.234
1325,11.777,15.255,20.243
1326,11.782,15.261,20.253
1327,11.786,15.267,20.262
1328,11.790,15.273,20.272
1329,11.794,15.279,20.280
1330,11.798,15.285,20.290
1331,11.802,15.291,20.299
1332,11.806,15.297,20.309
1333,11.810,15.303,20.318
1334,11.814,15.309,20.327
1335,11.818,15.315,20.336
1336,11.822,15.321,20.346
1337,11.826,15.328,20.355
1338,11.830,15.334,20.364
1339,11.834,15.340,20.373
1340,11.838,15.346,20.383
1341,11.842,15.352,20.392
1342,11.846,15.358,20.402
1343,11.851,15.364,20.410
1344,11.855,15.370,20.420
1345,11.859,15.376,20.429
1346,11.863,15.382,20.439
1347,11.867,15.388,20.448
1348,11.871,15.394,20.457
1349,11.875,15.400,20.466
1350,11.879,15.406,20.476
1351,11.883,15.412,20.485
1352,11.887,15.418,20.495
1353,11.891,15.424,20.504
1354,11.895,15.430,20.513
1355,11.899,15.436,20.522
1356,11.903,15.442,20.532
1357,11.907,15.448,20.541
1358,11.911,15.454,20.550
1359,11.915,15.460,20.559
1360,11.919,15.466,20.569
1361,11.923,15.472,20.578
1362,11.927,15.478,20.587
1363,11.931,15.484,20.597
1364,11.936,15.490,20.606
1365,11.940,15.496,20.615
1366,11.944,15.502,20.625
1367,11.947,15.508,20.634
1368,11.951,15.514,20.643
1369,11.956,15.520,20.652
1370,11.960,15.526,20.662
1371,11.964,15.532,20.671
1372,11.968,15.538,20.680
1373,11.972,15.544,20.690
1374,11.976,15.550,20.699
1375,11.980,15.556,20.708
1376,11.984,15.562,20.717
1377,11.988,15.568,20.727
1378,11.992,15.574,20.736
1379,11.996,15.580,20.745
1380,12.000,15.586,20.755
1381,12.004,15.592,20.764
1382,12.008,15.598,20.773
1383,12.012,15.604,20.783
1384,12.016,15.610,20.792
1385,12.020,15.616,20.801
1386,12.024,15.622,20.810
1387,12.028,15.628,20.820
1388,12.032,15.634,20.829
1389,12.036,15.640,20.838
1390,12.040,15.646,20.848
1391,12.044,15.652,20.857
1392,12.048,15.658,20.866
1393,12.052,15.664,20.876
1394,12.056,15.670,20.885
1395,12.060,15.676,20.894
1396,12.064,15.682,20.903
1397,12.068,15.688,20.913
1398,12.072,15.694,20.922
1399,12.076,15.700,20.931
1400,12.080,15.706,20.941
1401,12.084,15.712,20.950
1402,12.088,15.718,20.959
1403,12.092,15.724,20.969
1404,12.096,15.730,20.978
1405,12.100,15.736,20.987
1406,12.104,15.742,20.997
1407,12.108,15.748,21.006
1408,12.112,15.753,21.015
1409,12.116,15.759,21.024
1410,12.120,15.765,21.034
1411,12.124,15.771,21.043
1412,12.128,15.777,21.052
1413,12.132,15.783,21.061
1414,12.136,15.789,21.071
1415,12.140,15.795,21.080
1416,12.144,15.801,21.090
1417,12.148,15.807,21.099
1418,12.152,15.813,21.108
1419,12.156,15.819,21.117
1420,12.160,15.825,21.127
1421,12.164,15.831,21.136
1422,12.168,15.837,21.145
1423,12.172,15.843,21.155
1424,12.176,15.849,21.164
1425,12.180,15.855,21.173
1426,12.184,15.861,21.183
1427,12.188,15.867,21.192
1428,12.192,15.873,21.201
1429,12.196,15.879,21.211
1430,12.200,15.885,21.220
1431,12.204,15.891,21.229
1432,12.208,15.897,21.238
1433,12.212,15.903,21.248
1434,12.216,15.909,21.257
1435,12.219,15.915,21.267
1436,12.224,15.921,21.276
1437,12.228,15.927,21.285
1438,12.231,15.933,21.294
1439,12.235,15.939,21.304
1440,12.240,15.944,21.313
1441,12.243,15.950,21.322
1442,12.247,15.956,21.332
1443,12.251,15.962,21.341
1444,12.255,15.968,21.350
1445,12.259,15.974,21.359
1446,12.263,15.980,21.369
1447,12.267,15.986,21.378
1448,12.271,15.992,21.388
1449,12.275,15.998,21.397
1450,12.279,16.004,21.406
1451,12.283,16.010,21.415
1452,12.287,16.016,21.425
1453,12.291,16.022,21.434
1454,12.295,16.028,21.443
1455,12.299,16.034,21.453
1456,12.303,16.040,21.462
1457,12.307,16.046,21.471
1458,12.311,16.052,21.481
1459,12.315,16.058,21.490
1460,12.319,16.064,21.499
1461,12.323,16.070,21.508
1462,12.327,16.076,21.518
1463,12.331,16.082,21.527
1464,12.335,16.088,21.537
1465,12.339,16.094,21.546
1466,12.343,16.099,21.555
1467,12.347,16.106,21.565
1468,12.351,16.112,21.574
1469,12.354,16.117,21.584
1470,12.359,16.123,21.592
1471,12.362,16.129,21.602
1472,12.366,16.135,21.611
1473,12.370,16.141,21.621
1474,12.374,16.147,21.630
1475,12.378,16.153,21.639
1476,12.382,16.159,21.649
1477,12.386,16.165,21.658
1478,12.390,16.171,21.667
1479,12.394,16.177,21.677
1480,12.398,16.183,21.686
1481,12.402,16.189,21.695
1482,12.406,16.195,21.705
1483,12.410,16.201,21.714
1484,12.414,16.207,21.723
1485,12.418,16.213,21.732
1486,12.422,16.219,21.742
1487,12.426,16.225,21.751
1488,12.430,16.231,21.761
1489,12.434,16.236,21.770
1490,12.438,16.242,21.779
1491,12.442,16.248,21.789
1492,12.446,16.254,21.798
1493,12.450,16.260,21.807
1494,12.454,16.266,21.817
1495,12.457,16.272,21.826
1496,12.462,16.278,21.835
1497,12.465,16.284,21.845
1498,12.469,16.290,21.854
1499,12.473,16.296,21.864
1500,12.477,16.302,21.872
1501,12.481,16.308,21.882
1502,12.485,16.314,21.892
1503,12.489,16.320,21.901
1504,12.493,16.326,21.910
1505,12.497,16.332,21.919
1506,12.501,16.338,21.929
1507,12.505,16.344,21.938
1508,12.509,16.350,21.947
1509,12.513,16.356,21.957
1510,12.517,16.362,21.966
1511,12.521,16.368,21.975
1512,12.525,16.374,21.985
1513,12.529,16.379,21.994
1514,12.533,16.385,22.003
1515,12.537,16.391,22.013
1516,12.541,16.397,22.022
1517,12.544,16.403,22.032
1518,12.549,16.409,22.041
1519,12.552,16.415,22.050
1520,12.556,16.421,22.060
1521,12.560,16.427,22.069
1522,12.564,16.433,22.078
1523,12.568,16.439,22.088
1524,12.572,16.445,22.097
1525,12.576,16.451,22.106
1526,12.580,16.457,22.116
1527,12.584,16.463,22.125
1528,12.588,16.469,22.134
1529,12.592,16.475,22.144
1530,12.596,16.481,22.154
1531,12.600,16.486,22.162
1532,12.604,16.492,22.172
1533,12.608,16.498,22.181
1534,12.612,16.504,22.191
1535,12.616,16.510,22.200
1536,12.619,16.516,22.210
1537,12.624,16.522,22.219
1538,12.627,16.528,22.228
1539,12.631,16.534,22.238
1540,12.635,16.540,22.247
1541,12.639,16.546,22.256
1542,12.643,16.552,22.266
1543,12.647,16.558,22.275
1544,12.651,16.564,22.284
1545,12.655,16.570,22.294
1546,12.659,16.576,22.303
1547,12.663,16.582,22.312
1548,12.667,16.588,22.322
1549,12.671,16.594,22.331
1550,12.675,16.600,22.340
1551,12.679,16.606,22.350
1552,12.682,16.611,22.359
1553,12.687,16.617,22.369
1554,12.690,16.623,22.378
1555,12.694,16.629,22.388
1556,12.698,16.635,22.397
1557,12.702,16.641,22.406
1558,12.706,16.647,22.416
1559,12.710,16.653,22.425
1560,12.714,16.659,22.434
1561,12.718,16.665,22.444
1562,12.722,16.671,22.453
1563,12.726,16.677,22.462
1564,12.730,16.683,22.472
1565,12.734,16.689,22.481
1566,12.738,16.695,22.491
1567,12.742,16.701,22.500
1568,12.746,16.706,22.509
1569,12.750,16.712,22.519
1570,12.754,16.718,22.528
1571,12.757,16.724,22.537
1572,12.761,16.730,22.547
1573,12.765,16.736,22.556
1574,12.769,16.742,22.565
1575,12.773,16.748,22.575
1576,12.777,16.754,22.584
1577,12.781,16.760,22.594
1578,12.785,16.766,22.603
1579,12.789,16.772,22.612
1580,12.793,16.778,22.622
1581,12.797,16.784,22.631
1582,12.801,16.790,22.640
1583,12.805,16.796,22.650
1584,12.809,16.802,22.659
1585,12.812,16.808,22.669
1586,12.816,16.814,22.678
1587,12.820,16.819,22.687
1588,12.824,16.825,22.697
1589,12.828,16.831,22.706
1590,12.832,16.837,22.715
1591,12.836,16.843,22.725
1592,12.840,16.849,22.734
1593,12.844,16.855,22.744
1594,12.848,16.861,22.753
1595,12.852,16.867,22.762
1596,12.856,16.873,22.772
1597,12.860,16.879,22.781
1598,12.864,16.885,22.790
1599,12.868,16.891,22.800
1600,12.872,16.897,22.809
1601,12.875,16.902,22.819
1602,12.879,16.908,22.828
1603,12.883,16.914,22.837
1604,12.887,16.920,22.847
1605,12.891,16.926,22.856
1606,12.895,16.932,22.866
1607,12.899,16.938,22.875
1608,12.903,16.944,22.884
1609,12.907,16.950,22.894
1610,12.911,16.956,22.903
1611,12.915,16.962,22.912
1612,12.918,16.968,22.922
1613,12.923,16.974,22.931
1614,12.926,16.980,22.941
1615,12.930,16.986,22.950
1616,12.934,16.992,22.959
1617,12.938,16.997,22.969
1618,12.942,17.003,22.978
1619,12.946,17.009,22.988
1620,12.950,17.015,22.997
1621,12.954,17.021,23.006
1622,12.958,17.027,23.015
1623,12.962,17.033,23.025
1624,12.966,17.039,23.034
1625,12.970,17.045,23.043
1626,12.973,17.051,23.053
1627,12.978,17.057,23.062
1628,12.981,17.063,23.072
1629,12.985,17.068,23.081
1630,12.989,17.074,23.090
1631,12.993,17.080,23.100
1632,12.997,17.086,23.109
1633,13.001,17.092,23.119
1634,13.005,17.098,23.128
1635,13.009,17.104,23.137
1636,13.013,17.110,23.147
1637,13.017,17.116,23.156
1638,13.020,17.122,23.166
1639,13.024,17.128,23.175
1640,13.028,17.134,23.184
1641,13.032,17.140,23.193
1642,13.036,17.146,23.203
1643,13.040,17.151,23.212
1644,13.044,17.157,23.222
1645,13.048,17.163,23.231
1646,13.052,17.169,23.240
1647,13.056,17.175,23.250
1648,13.060,17.181,23.259
1649,13.063,17.187,23.269
1650,13.067,17.193,23.278
1651,13.071,17.199,23.287
1652,13.075,17.205,23.296
1653,13.079,17.210,23.306
1654,13.083,17.216,23.316
1655,13.087,17.222,23.325
1656,13.091,17.228,23.334
1657,13.095,17.234,23.343
1658,13.098,17.240,23.353
1659,13.103,17.246,23.362
1660,13.106,17.252,23.372
1661,13.110,17.258,23.381
1662,13.114,17.264,23.390
1663,13.118,17.270,23.399
1664,13.122,17.275,23.409
1665,13.126,17.281,23.419
1666,13.130,17.287,23.428
1667,13.134,17.293,23.437
1668,13.138,17.299,23.446
1669,13.141,17.305,23.456
1670,13.145,17.311,23.465
1671,13.149,17.317,23.475
1672,13.153,17.323,23.484
1673,13.157,17.328,23.493
1674,13.161,17.334,23.502
1675,13.165,17.340,23.512
1676,13.169,17.346,23.521
1677,13.172,17.352,23.531
1678,13.177,17.358,23.540
1679,13.180,17.364,23.549
1680,13.184,17.370,23.559
1681,13.188,17.376,23.568
1682,13.192,17.382,23.577
1683,13.196,17.387,23.587
1684,13.200,17.393,23.596
1685,13.204,17.399,23.605
1686,13.207,17.405,23.615
1687,13.211,17.411,23.624
1688,13.215,17.417,23.634
1689,13.219,17.423,23.643
1690,13.223,17.428,23.652
1691,13.227,17.434,23.661
1692,13.231,17.440,23.671
1693,13.235,17.446,23.680
1694,13.238,17.452,23.690
1695,13.242,17.458,23.699
1696,13.246,17.464,23.708
1697,13.250,17.470,23.717
1698,13.254,17.476,23.727
1699,13.258,17.481,23.736
1700,13.262,17.487,23.746
1701,13.266,17.493,23.755
1702,13.269,17.499,23.764
1703,13.273,17.505,23.774
1704,13.277,17.511,23.783
1705,13.281,17.517,23.792
1706,13.285,17.522,23.802
1707,13.289,17.528,23.811
1708,13.293,17.534,23.820
1709,13.297,17.540,23.830
1710,13.300,17.546,23.839
1711,13.304,17.552,23.848
1712,13.308,17.558,23.858
1713,13.312,17.563,23.867
1714,13.316,17.569,23.876
1715,13.320,17.575,23.886
1716,13.324,17.581,23.895
1717,13.327,17.587,23.904
1718,13.331,17.593,23.913
1719,13.335,17.598,23.923
1720,13.339,17.604,23.932
1721,13.343,17.610,23.941
1722,13.347,17.616,23.951
1723,13.350,17.622,23.960
1724,13.354,17.628,23.969
1725,13.358,17.634,23.979
1726,13.362,17.639,23.988
1727,13.366,17.645,23.998
1728,13.370,17.651,24.006
1729,13.374,17.657,24.016
1730,13.377,17.663,24.025
1731,13.381,17.669,24.035
1732,13.385,17.674,24.044
1733,13.389,17.680,24.054
1734,13.393,17.686,24.062
1735,13.397,17.692,24.072
1736,13.400,17.698,24.081
1737,13.404,17.704,24.090
1738,13.408,17.710,24.100
1739,13.412,17.715,24.109
1740,13.416,17.721,24.119
1741,13.420,17.727,24.127
1742,13.423,17.733,24.137
1743,13.427,17.739,24.146
1744,13.431,17.744,24.156
1745,13.435,17.750,24.165
1746,13.439,17.756,24.174
1747,13.443,17.762,24.184
1748,13.447,17.768,24.193
1749,13.450,17.774,24.202
1750,13.454,17.779,24.211
1751,13.458,17.785,24.221
1752,13.462,17.791,24.230
1753,13.465,17.797,24.239
1754,13.469,17.803,24.249
1755,13.473,17.808,24.258
1756,13.477,17.814,24.267
1757,13.481,17.820,24.276
1758,13.485,17.826,24.286
1759,13.489,17.832,24.295
1760,13.492,17.837,24.304
1761,13.496,17.843,24.313
1762,13.500,17.849,24.323
1763,13.504,17.855,24.332
1764,13.507,17.861,24.342
1765,13.511,17.866,24.351
1766,13.515,17.872,24.360
1767,13.519,17.878,24.369
1768,13.523,17.884,24.378
1769,13.526,17.890,24.388
1770,13.530,17.895,24.397
1771,13.534,17.901,24.406
1772,13.538,17.907,24.415
1773,13.542,17.913,24.425
1774,13.546,17.919,24.434
1775,13.549,17.924,24.443
1776,13.553,17.930,24.453
1777,13.557,17.936,24.462
1778,13.561,17.942,24.471
1779,13.565,17.948,24.480
1780,13.569,17.953,24.489
1781,13.572,17.959,24.499
1782,13.576,17.965,24.508
1783,13.580,17.971,24.518
1784,13.584,17.976,24.527
1785,13.587,17.982,24.536
1786,13.591,17.988,24.545
1787,13.595,17.994,24.554
1788,13.599,18.000,24.564
1789,13.602,18.005,24.573
1790,13.606,18.011,24.582
1791,13.610,18.017,24.591
1792,13.614,18.022,24.600
1793,13.618,18.028,24.610
1794,13.621,18.034,24.619
1795,13.625,18.040,24.629
1796,13.629,18.046,24.638
1797,13.633,18.051,24.647
1798,13.636,18.057,24.656
1799,13.640,18.063,24.665
1800,13.644,18.069,24.675
1801,13.648,18.074,24.684
1802,13.652,18.080,24.693
1803,13.655,18.086,24.702
1804,13.659,18.092,24.711
1805,13.663,18.097,24.721
1806,13.667,18.103,24.730
1807,13.671,18.109,24.739
1808,13.674,18.115,24.748
1809,13.678,18.120,24.758
1810,13.682,18.126,24.767
1811,13.686,18.132,24.776
1812,13.689,18.138,24.785
1813,13.693,18.143,24.795
1814,13.697,18.149,24.804
1815,13.701,18.155,24.813
1816,13.704,18.161,24.822
1817,13.708,18.166,24.831
1818,13.712,18.172,24.841
1819,13.716,18.178,24.850
1820,13.719,18.184,24.859
1821,13.723,18.189,24.868
1822,13.727,18.195,24.877
1823,13.731,18.201,24.887
1824,13.734,18.206,24.896
1825,13.738,18.212,24.905
1826,13.742,18.218,24.914
1827,13.746,18.224,24.923
1828,13.749,18.229,24.932
1829,13.753,18.235,24.942
1830,13.757,18.241,24.951
1831,13.761,18.246,24.960
1832,13.764,18.252,24.969
1833,13.768,18.258,24.978
1834,13.772,18.264,24.988
1835,13.776,18.269,24.997
1836,13.779,18.275,25.006
1837,13.783,18.281,25.016
1838,13.787,18.286,25.025
1839,13.790,18.292,25.034
1840,13.794,18.298,25.043
1841,13.798,18.304,25.052
1842,13.802,18.309,25.062
1843,13.805,18.315,25.070
1844,13.809,18.321,25.080
1845,13.813,18.326,25.089
1846,13.817,18.332,25.098
1847,13.820,18.338,25.108
1848,13.824,18.344,25.116
1849,13.828,18.349,25.126
1850,13.831,18.355,25.135
1851,13.835,18.361,25.144
1852,13.839,18.366,25.153
1853,13.843,18.372,25.163
1854,13.846,18.378,25.172
1855,13.850,18.383,25.181
1856,13.854,18.389,25.190
